Donald Reynolds,Jamia,IRAs,121-72-7239,51-(726)666-2220,45363 Huxley Junction
Todd Harrison,Zoonoodle,Zope,578-38-6950,48-(683)304-6131,0750 Havey Plaza
Russell Evans,Jatri,VDA,238-47-5727,509-(895)667-6960,21 Melvin Junction
Donna Lynch,Midel,DVD Authoring,665-21-1663,55-(757)474-4323,844 Texas Parkway
Catherine Arnold,Centizu,Secure FTP,644-12-9782,54-(318)875-8847,38 Lakewood Gardens Parkway
Donald Henry,Kazio,Cross Functional Team Building,911-99-6365,45-(803)630-5927,02982 Manley Center
Keith Burton,Youfeed,Avaya AES,897-33-7813,57-(537)354-7402,67527 Sutherland Pass
Thomas Griffin,Feedfish,High Yield,210-51-4512,262-(485)201-0430,3 Carioca Center
Catherine Olson,Eamia,HTRF,414-88-2586,55-(712)821-8701,98 6th Drive
Carol Jones,Twitterlist,Protein Expression,261-11-6363,84-(670)355-7797,80724 Clemons Alley
Randy Harris,InnoZ,CTF,702-18-9546,504-(183)250-4257,8264 Utah Road
Eugene Porter,Bluejam,MPLS,667-35-4164,55-(465)841-1826,61 Katie Court
Elizabeth Weaver,Plajo,MFS,314-06-0614,380-(799)372-3439,42066 Chive Alley
John Hamilton,Wikibox,Wicklander-Zulawski Interview &amp; Interrogation,134-41-8385,86-(889)258-3072,6 Ridgeway Alley
Raymond George,Yoveo,Avid Xpress,404-09-8287,351-(436)535-0724,0595 Blackbird Junction
Mark Ferguson,Dynazzy,Interest Rate Derivatives,935-51-8849,81-(554)657-2629,27452 Kinsman Drive
Virginia Coleman,Mydo,Sales,133-92-7218,353-(404)701-1663,48088 Atwood Trail
Aaron Diaz,Reallinks,Portrait Photography,709-77-6028,48-(200)100-8758,10 Grasskamp Point
Patricia Crawford,Livetube,AOC,503-85-1423,62-(321)893-1701,4539 Troy Street
Tina Lopez,Aimbu,JCAPS,829-85-9812,86-(678)145-4077,7 Fairview Place
Mary Wood,Flipopia,Small Business Lending,639-45-5001,47-(430)647-5028,5 Longview Alley
Julie Robinson,Jayo,Light Rail,719-31-2208,86-(319)585-8179,1 John Wall Way
Sandra Lane,Dablist,Www,744-42-2007,81-(817)349-3156,99 Kedzie Street
Gloria Flores,Edgetag,Open XML,742-90-6291,66-(579)570-4369,25 Montana Pass
Julia Stewart,Eimbee,Life Sciences,419-02-4330,86-(522)629-4543,39 Red Cloud Point
Gregory Wood,Jabbertype,Computer System Validation,897-14-2296,86-(309)710-1773,261 Mitchell Junction
Margaret Ford,Feedfire,Online Lead Generation,664-46-5428,86-(330)886-2324,39138 Lakewood Parkway
Christopher Lane,Voolith,Tortoise SVN,143-96-0007,1-(781)675-0784,52558 Jay Terrace
Katherine Morrison,Voolith,PPDS,542-10-8932,55-(653)687-1934,965 Delaware Parkway
Mildred Spencer,Voomm,DSDM,837-02-2033,98-(297)958-5314,7 Portage Street
Denise Hunter,Tazzy,LDRPS,820-95-4776,86-(391)738-4742,08095 Daystar Alley
Angela James,Jabbersphere,UML,411-85-6997,502-(637)869-2313,978 Bluejay Avenue
Deborah Jordan,Realbuzz,UWB,563-72-0484,63-(113)792-3460,28 Tony Place
Carol Martinez,Gigaclub,Software Development,343-28-9625,55-(627)387-3140,86 Morrow Road
Peter Day,Leenti,PFP,999-64-4432,62-(529)897-1400,14 Johnson Hill
Harold Rodriguez,Tazzy,Embedded Software,620-40-7413,86-(201)745-7795,0 Raven Way
Nicole Murray,Mydo,FHA Financing,980-62-2547,49-(364)333-3295,7040 Bluestem Point
Betty Weaver,Gabtune,IBM Websphere Commerce,251-64-5169,7-(771)588-1409,745 Warner Place
George Campbell,Bubbletube,FQHC,744-18-9576,1-(813)292-6098,5 Clemons Center
Barbara Snyder,Flipstorm,OLTP,873-30-0828,995-(561)145-2591,8710 Bluejay Street
Harry Webb,Skyba,Target Identification,379-00-4839,63-(562)883-2100,26 Clarendon Center
Eugene Owens,Katz,Variable Frequency Drives,436-10-5160,62-(972)564-1196,6496 Larry Parkway
Brian Thompson,Flashdog,RPAS,891-45-1625,63-(863)412-2033,73754 Main Pass
Alice Ortiz,Yombu,Fund Administration,447-84-3326,62-(101)777-3789,7 Clove Junction
Roy Hudson,Eazzy,Market Research,218-86-6837,380-(923)978-1323,40941 Scott Court
Virginia Richards,Zoomdog,PFT,748-67-1974,382-(965)686-1404,1064 Warbler Circle
Doris Murphy,Gigabox,DNA ligation,511-25-1921,62-(450)411-0159,4587 Macpherson Trail
Lori Wright,Gigazoom,Utility Systems,133-13-4600,7-(828)346-4772,03127 Beilfuss Trail
Michael Mitchell,Plajo,Oracle OLAP,960-23-0477,63-(545)449-6597,410 Sherman Parkway
Theresa Mendoza,Mynte,Sales Process,389-23-4539,62-(755)977-4790,83032 Elgar Way
Keith Vasquez,Babbleblab,Molecular Cloning,283-81-4499,51-(759)417-5400,57041 Corry Pass
Gregory Grant,Roombo,Objection Handling,411-64-0224,244-(447)322-6239,4261 Hoard Trail
Diane Montgomery,Abata,Food Processing,255-82-4026,7-(300)720-4125,27462 Heffernan Road
Doris Ryan,Trudoo,Nanoparticles,257-77-2611,48-(730)411-0312,63592 Rigney Hill
Aaron Henderson,Kaymbo,Klout,167-84-4757,7-(614)790-1340,847 Bartelt Circle
Bruce Dixon,Zoomlounge,Hydraulics,518-04-1632,380-(835)960-7410,36 Holy Cross Plaza
Douglas Ward,Centizu,Multi-channel Retail,544-53-6966,269-(702)730-8790,1160 Golf View Plaza
Laura Richardson,Twinder,Power Generation,309-43-5599,57-(329)166-8720,3 Westend Terrace
Rose Turner,Twitterwire,Art Exhibitions,835-56-8775,86-(952)196-9012,2260 Bultman Crossing
Betty Watson,Fivebridge,Easily Adaptable,134-25-3708,86-(879)148-3617,82849 Nancy Parkway
Diana Martinez,Oyoba,FEED,203-49-0429,62-(372)613-9475,579 Clarendon Trail
Matthew Powell,Chatterpoint,Offset Printing,394-15-9765,351-(971)547-2479,1 Raven Terrace
Jeffrey Fernandez,Photojam,DNS Administration,389-32-9025,86-(389)760-7775,5 Forest Run Circle
Albert Carr,Dynabox,DTS,619-36-0682,86-(349)604-9295,04 Northport Court
Michelle Carroll,LiveZ,Wholesale Operations,356-63-2538,53-(470)210-4835,62588 Havey Center
Douglas Austin,Jayo,GS1,816-61-6902,850-(977)159-3019,0 Little Fleur Avenue
Harold Wheeler,Kazu,LVM,305-80-5275,509-(835)288-4549,926 Bobwhite Alley
Michelle Hamilton,Trunyx,PMCS,242-72-8330,55-(754)726-5747,30 Raven Point
Samuel Bryant,Vipe,Food,171-82-9229,66-(466)813-8745,79733 Havey Parkway
Harry Ray,Innotype,Tissue Culture,574-61-1206,55-(700)805-3316,61994 Lindbergh Pass
Evelyn Hayes,Katz,Professional Liability,783-05-1903,7-(803)672-0178,5674 Gale Trail
Heather Peters,Skiba,Spectroscopy,105-83-8034,269-(365)636-3612,5 Warbler Point
Rebecca Kennedy,Skyndu,Lymphedema,234-08-0691,86-(901)538-8240,276 Golf Course Drive
Roy Adams,Layo,Job Search Strategies,192-66-2598,62-(309)818-3335,557 Jenna Place
Thomas Jackson,Youfeed,DG Sets,767-03-6903,62-(958)852-7049,38 Center Plaza
Joshua Hughes,Talane,ZoomInfo,143-46-6206,47-(316)361-8721,7364 Caliangt Way
Beverly Pierce,Quatz,MPBGP,935-44-4670,86-(733)196-3921,543 Onsgard Park
Stephen Harper,Kimia,Jet Fuel,114-69-6202,387-(879)812-2856,18 Larry Plaza
Phyllis Butler,Divape,Jeet Kune Do,857-76-2841,86-(211)596-6204,058 Memorial Plaza
Michelle Holmes,Skyvu,Editing,746-97-1481,86-(345)359-0377,8 Fordem Court
Beverly Willis,Jaxnation,Twist,355-87-1494,86-(288)375-4821,7249 Elmside Point
Steven Dean,Meeveo,DV,532-69-6920,7-(233)520-3695,461 Bellgrove Way
Kelly Perez,Youspan,PFS,907-09-1264,62-(244)643-5243,42647 Laurel Trail
Peter James,Rhynoodle,MRDs,689-70-8856,86-(197)194-1004,515 Sunnyside Park
Ralph Coleman,Voonyx,Stage Make-up,434-39-0470,62-(560)203-9268,153 Stephen Plaza
Tina Peterson,Zoombox,Funding,888-86-8406,86-(592)392-8058,4 Hoffman Road
Janice Coleman,Latz,MDaemon,767-51-9346,7-(751)168-3744,56563 Kingsford Point
Katherine Ryan,Linktype,HSPD-12,641-76-3340,62-(589)617-6841,3832 Nancy Alley
John Hunter,Shufflebeat,MLA Style,866-31-1564,20-(625)945-7065,7 Mcguire Street
Larry Richardson,Thoughtbeat,BMC Remedy User,370-82-3353,66-(374)850-3503,39475 Corry Court
Christine Hart,Oyoyo,PFI,701-43-0838,62-(402)845-7852,467 Rusk Pass
Virginia Mason,Realmix,WPF Development,749-51-7422,598-(277)979-5325,62216 Buell Crossing
Christina Edwards,Mybuzz,FDR,568-81-9140,86-(360)370-9159,936 Nelson Parkway
Bobby Marshall,Yodo,HTTPS,534-63-6363,62-(402)271-6651,2938 Lindbergh Center
Janet Baker,Pixoboo,CCIE R&amp;S,580-59-8837,86-(917)274-6204,22796 Muir Point
Jack Morgan,Eabox,DWR,208-36-5104,48-(441)580-8857,20 Everett Crossing
Mildred Spencer,Tagfeed,RHIA,328-68-9358,63-(760)286-0373,38026 Weeping Birch Circle
Denise Riley,Aibox,DNA Sequencing,599-88-7542,86-(625)229-4515,7 Schiller Circle
Angela Garcia,Skalith,Slate,811-35-2952,27-(850)790-6215,1 Trailsway Way
Steve Lawrence,Thoughtmix,Grassroots,181-13-8645,86-(540)103-0095,2 David Lane
Patricia Peters,Skajo,Virtual DJ,419-57-1832,236-(295)791-3391,6112 Anhalt Street
Angela Mason,Skyba,XBRL,553-06-7064,54-(245)370-2908,6 Kenwood Alley
Kathleen Stewart,Minyx,MBR,647-94-3965,63-(138)933-0948,2219 Sycamore Circle
Edward Sims,Twitterbridge,SSL Certificates,912-01-9312,63-(887)574-4776,4 Ridgeway Circle
Michelle Davis,Shuffletag,Pro-IV,162-71-8991,7-(291)495-4124,15460 Forest Junction
Shirley Gardner,Babblestorm,Immunohistochemistry,906-36-7548,62-(212)206-1402,36 Havey Park
Jessica Ruiz,Plambee,Business Process Improvement,984-82-8421,1-(741)550-3850,3437 Hoepker Court
Ronald Parker,Mydeo,Snowmobile,908-49-7806,7-(769)224-7197,46 Randy Drive
Antonio Perkins,Linktype,Workplace Violence,205-09-5565,381-(737)455-0366,5491 Lukken Center
Jeffrey Snyder,Gabtune,Snoring,303-92-3475,62-(162)207-6706,74 Mifflin Lane
Irene Weaver,Pixonyx,Capital Equipment Sales,848-09-8301,92-(487)740-9120,7 Lien Point
Evelyn Hart,Feedbug,Oxides,650-38-0111,358-(390)357-2556,58915 Sunfield Drive
Denise Barnes,Quimba,Xenix,924-87-7572,51-(890)238-5946,1168 Roxbury Way
Frank Johnson,Yakijo,HDS,489-88-1064,1-(692)263-5514,71068 Anhalt Park
Elizabeth Diaz,Kimia,OSHA 30-Hour,423-34-5706,95-(391)908-8194,7 Gale Parkway
Sean Cox,Realpoint,Chi Kung,508-05-9734,359-(464)357-4531,1 Crescent Oaks Court
Brandon Myers,Oyope,SFP,680-68-5211,241-(687)420-2592,54286 Waubesa Terrace
Martin West,Edgewire,JConsole,280-64-5915,52-(437)721-3662,43 Carpenter Circle
Catherine Nelson,Youopia,Mechanical Engineering,771-94-9174,86-(845)870-5406,65388 Petterle Alley
Roger Lane,Edgeclub,Clinical Development,888-94-0151,55-(295)532-0747,01002 Rieder Pass
Laura Kim,Shuffletag,Kaizen Leadership,294-72-7344,86-(899)286-6818,6193 Shopko Lane
Stephanie Mccoy,Yodo,Switchboard Operator,250-47-0368,86-(499)376-0217,513 Miller Pass
Jimmy Payne,Twimbo,Corporate Tax,553-81-6115,66-(290)868-7925,6172 Morning Avenue
Randy Carpenter,Myworks,MRIS,818-98-0297,351-(802)304-4542,96917 Old Gate Way
Wanda Mendoza,Yakijo,Zone Alarm,375-32-4313,1-(586)214-7597,5688 South Plaza
Jerry Little,Voomm,Hazardous Waste Management,838-75-3284,358-(955)891-5392,53907 Oakridge Junction
Lois Howard,Blogpad,MVT,733-16-4685,254-(796)682-9213,15855 Sullivan Point
Phyllis Spencer,Layo,DBAccess,405-33-6688,55-(989)822-6422,37193 Spaight Terrace
Eric Fowler,Zoomzone,Embedded Systems,434-66-9173,86-(596)809-1060,9 Scoville Circle
Judy Campbell,Skipstorm,Solvency II,954-61-4170,86-(894)510-5383,294 Grasskamp Court
Phyllis Stewart,Blogpad,Guided Tours,158-62-4807,48-(808)368-4043,324 Hovde Road
Heather Evans,Quimba,WPF Development,426-42-7220,216-(611)992-8520,6768 Crescent Oaks Way
Albert Cunningham,Buzzbean,Equity Valuation,182-05-4483,33-(315)224-5846,55 Farragut Way
Ralph Hernandez,Rhyloo,Communication,538-07-8270,55-(879)470-4817,04969 Farwell Alley
Joan Rodriguez,Buzzster,Exercise Physiology,955-95-1195,33-(765)260-0616,64 Tennessee Lane
Laura Edwards,Meejo,Git,597-32-9310,46-(538)622-1199,8220 Armistice Point
Michael Patterson,Trunyx,OLEDB,527-16-1496,504-(122)779-7229,73 Warrior Plaza
Annie Bennett,Youspan,CVS,387-87-4955,86-(611)780-4920,400 Pine View Terrace
Maria Henderson,Voomm,VLR,929-50-3807,351-(892)676-3238,6 Washington Place
Kimberly Porter,Gigabox,Licensing,934-19-0589,36-(443)635-5591,7264 Golden Leaf Street
Gloria Montgomery,Shufflester,Planning,874-49-2868,370-(908)711-2366,5614 Nelson Trail
Paul Chavez,Thoughtbridge,Water Resources,823-83-6432,95-(290)652-3005,7 Bunting Park
Jeremy Walker,Meedoo,Quality Patient Care,403-36-9624,63-(943)962-5731,794 Helena Parkway
Jennifer Reynolds,Buzzster,LDI,765-66-7034,996-(216)848-1571,0214 John Wall Avenue
Joseph Little,Realpoint,Federal Grants Management,512-66-1725,1-(217)154-2739,6795 Almo Trail
Emily Palmer,Skyndu,Ergonomics,731-71-4042,57-(163)641-8164,004 Division Plaza
Johnny Wagner,Voonyx,TMAP,746-34-5147,93-(313)425-6587,24 Stang Way
Christina Thomas,Oloo,TWIC Card,498-11-9765,62-(496)429-3812,7 Columbus Parkway
Brian Kelly,Jabbersphere,NDK,699-51-4097,46-(281)318-3779,925 Forest Dale Avenue
Diana Franklin,Mydeo,NCQA,726-38-9330,351-(235)240-0358,22395 Cambridge Terrace
Theresa Fowler,Dynazzy,Deep Tissue Massage,198-57-6450,49-(886)755-1447,03 Pennsylvania Park
Roger Lynch,Aimbu,RhinoCAM,994-57-4302,1-(773)891-0357,87689 Lukken Road
Anthony King,Kayveo,Eplan,725-51-4384,86-(258)681-2341,46 Rigney Trail
Kathleen Alexander,Einti,WS-I,319-76-5362,86-(211)505-5252,6794 Elmside Center
Earl Burke,Yozio,Psychiatry,754-28-8378,55-(854)625-3118,47 Gerald Place
Gary Collins,Rhynoodle,Sarbanes-Oxley Act,829-51-2640,55-(832)686-6406,9 Acker Point
John Wheeler,Voomm,Logic Pro,206-13-5406,98-(526)874-4833,30934 Sutherland Alley
Mary Harrison,Ntags,IHT,946-97-0375,381-(984)392-1832,9929 Golden Leaf Place
Catherine Coleman,Shufflebeat,Ukrainian,546-28-1584,34-(335)861-8510,377 Florence Place
Teresa Young,Dazzlesphere,Juvenile Law,405-79-8054,86-(268)481-8792,01 Ilene Place
Jeremy Riley,Meedoo,Vocal,375-93-7181,62-(328)282-7634,8 Brown Place
David Hayes,Eidel,Mood Boards,173-56-7914,256-(920)318-7892,88635 Tomscot Park
Lori Stephens,Plambee,Office Administration,255-91-0279,1-(209)402-2395,491 Lerdahl Parkway
Todd Romero,Oyondu,NMS,403-27-8583,86-(177)987-5183,1 Service Circle
Alan Hayes,Realblab,OS X,809-76-0171,62-(135)752-0471,67043 Portage Way
Jose Riley,Skyba,Ticketing,195-65-3780,62-(277)768-0706,64550 Ridge Oak Street
Charles Ruiz,Blognation,UE,681-33-5299,66-(642)970-7427,5267 Luster Road
Ronald Stevens,Mybuzz,GPC,426-25-7423,62-(472)364-4610,7525 Carpenter Lane
Mary Weaver,Thoughtbridge,GI,192-59-8415,244-(212)965-2331,1 Nancy Drive
Marilyn Wagner,Babbleset,Scanning Electron Microscopy,445-03-1591,86-(767)960-0300,756 Arrowood Alley
Mark Bishop,Yakijo,Wrongful Death,762-80-8656,57-(823)627-8223,3757 Springs Alley
Amanda Williamson,Tagpad,Ableton Live,403-99-7418,62-(425)939-5789,52 Mosinee Street
Jonathan Murray,Yodoo,Planned Giving,652-28-7673,7-(293)733-2660,21 Forest Run Trail
Ernest Jones,Wikivu,IIS,256-48-8804,86-(328)665-7450,77264 Monica Center
Justin Wells,Oyoyo,NI Multisim,396-44-3402,86-(298)447-2836,34 Spenser Drive
Peter Foster,Trudoo,SAP EBP,270-75-4037,48-(968)394-4420,0485 Garrison Point
Karen West,Riffwire,CTP,342-50-1481,1-(402)109-5581,2 Katie Pass
Pamela Webb,Eayo,Loan Servicing,258-36-8366,86-(301)510-6157,8 Bartillon Circle
Sandra Ellis,Oodoo,OGC Gateway Reviews,836-37-6179,62-(854)553-8102,40096 Mockingbird Center
Harry Collins,Zoozzy,Title Searches,666-36-4299,62-(117)729-4961,32545 Lillian Circle
Phyllis Flores,Mita,Event Production,122-91-0106,63-(981)744-3685,3 Lerdahl Parkway
Tina Butler,Yakidoo,Substance Abuse Prevention,290-18-7431,502-(233)285-9986,1 Havey Point
Elizabeth Young,Vipe,KOL Management,777-62-0681,55-(626)481-8648,152 Mayer Crossing
Jane Scott,Yacero,360 Feedback,278-72-5918,63-(660)927-9944,1508 Boyd Trail
Jason Bowman,Riffwire,SQF,823-47-7089,55-(121)898-1356,06 Ilene Park
David Larson,Edgetag,IxChariot,641-39-8539,86-(868)876-8616,6 Stuart Hill
Virginia Wagner,Abata,Mood Boards,357-16-3466,218-(785)580-1138,5225 Parkside Road
Antonio Pierce,Digitube,GIS Application,771-83-5268,57-(326)964-8711,44 Sauthoff Center
Sharon Barnes,Jabbercube,Visual SVN,407-71-2677,62-(953)598-9731,527 Marquette Crossing
Phyllis Flores,Digitube,Political Science,622-71-5566,389-(141)388-9713,89 Marcy Avenue
Kathy Roberts,Janyx,Copy Editing,810-26-8588,381-(947)748-1636,4 Havey Parkway
Jeffrey Bell,Flashdog,LSS,179-09-6785,420-(765)617-6862,38928 Mandrake Center
Eugene Johnston,Livetube,People-oriented,362-24-1193,63-(983)174-2347,61123 Cardinal Crossing
Mildred Pierce,Jabberstorm,Aerodynamics,253-30-0745,381-(892)239-4390,45938 Haas Avenue
James Clark,Oyoloo,JBuilder,774-51-7360,62-(116)402-1733,5 Westerfield Crossing
Steven Stevens,Yacero,SRAM,922-96-9372,86-(679)253-6526,77 Spohn Park
Lawrence Pierce,Tanoodle,Lumion,579-32-8222,55-(202)402-8390,908 Brentwood Center
Richard Nichols,Jaxbean,Sickness Absence Management,537-01-8091,63-(671)478-7852,341 Weeping Birch Trail
Kathleen Harris,Jabberbean,Audio Typing,581-30-4437,33-(741)287-5818,3 School Circle
Clarence Freeman,Eayo,Civil Society,331-85-6971,62-(962)243-1021,9374 Lunder Crossing
Scott Perry,Lazz,RRIF,952-90-9304,81-(601)557-4657,6866 Quincy Junction
Doris Rice,Meezzy,Botany,578-72-9824,63-(640)565-6142,8 Delaware Avenue
Willie Bowman,Zoomcast,PDE,436-84-0612,41-(625)337-5669,3911 Amoth Center
Carlos Powell,Yabox,Eyeon Fusion,104-34-2833,34-(392)298-2003,02 Washington Plaza
Joyce Palmer,Topicblab,Procurement Outsourcing,563-12-2549,855-(580)615-8169,0 Dennis Alley
Laura Morgan,Realcube,Jury Trials,149-03-5123,371-(739)498-8893,15 Meadow Vale Avenue
Ralph Cooper,Meezzy,Drawing,998-29-4701,52-(458)545-0982,6 Acker Hill
Juan Garza,Divavu,People-oriented,585-31-7632,54-(983)481-2788,7 Dexter Junction
Margaret Andrews,Oozz,Guitar Playing,150-48-1665,380-(182)522-6152,67128 Loeprich Park
Arthur Stone,Gabspot,GT-Power,907-74-8001,1-(661)265-5367,8318 Sommers Alley
Nancy Freeman,Innojam,SRP,532-24-4180,52-(982)983-0846,63 Golf Way
Dorothy Mendoza,Topicware,Grief Counseling,135-51-0611,351-(375)120-5689,79 Summit Center
Dorothy Black,Pixonyx,Afghanistan,599-41-9810,86-(844)158-0225,66029 Kings Way
Edward Gray,Fivespan,Clinical Trials,876-90-7604,62-(814)247-3982,3289 Laurel Road
Carolyn Williams,Podcat,HP Storage,870-53-2638,266-(810)577-3184,493 Warbler Lane
Catherine Watkins,Demizz,Light Rail,745-58-6377,385-(765)800-7577,72153 Granby Junction
Stephen Watkins,Rhyloo,High Yield Bonds,680-78-4105,216-(340)301-9616,22 Longview Hill
Doris Day,Realfire,Global Sourcing,178-16-7279,86-(781)642-6389,074 Mesta Plaza
Brenda Dunn,Livetube,NSN,152-43-5712,30-(453)788-7077,332 Utah Point
Arthur Dean,Centizu,Drip Irrigation,805-95-0668,351-(678)262-7422,417 Summit Terrace
Cynthia Fields,Fliptune,Supporting Others,950-72-8963,62-(973)665-9071,92 Judy Street
Christopher Bowman,Gabspot,CSS Sprites,143-01-8560,66-(381)700-4682,4678 Ridgeview Trail
Lillian George,Skipstorm,IEF,350-19-5479,86-(324)960-7858,89 Starling Drive
George Gomez,Pixoboo,LSI,399-96-9147,596-(465)151-3767,6534 Banding Road
David Miller,Yamia,TPF,273-27-6100,84-(687)207-4926,1 Russell Park
Robert Greene,Trudoo,CMYK,303-13-4115,374-(325)371-1867,81 Lakewood Gardens Way
Anne Lynch,Oyoloo,Strategy,586-70-2502,216-(639)559-9346,26244 Clyde Gallagher Road
Gerald Ray,Cogidoo,DS3,311-36-4889,55-(373)808-9481,3405 Rutledge Parkway
Jane Washington,Zoovu,Microsoft Excel,661-10-9040,30-(659)103-9341,4 Barby Street
Ann Harper,Skyndu,Health Promotion,100-59-7679,7-(608)623-0546,97556 Garrison Park
Brenda Mills,Eadel,IBM AS/400,571-53-8706,967-(904)682-5088,5683 Judy Road
Kathleen Howard,Yata,JP54,915-33-4010,359-(779)550-9929,47 Lien Trail
Rose Sullivan,Browseblab,Succession Planning,977-85-8324,7-(400)539-4699,282 Paget Avenue
Thomas Anderson,Wordware,DVB-S,944-05-2764,965-(248)815-4953,66 Surrey Alley
Gloria Oliver,Twitterwire,UK Bribery Act,383-56-3661,86-(816)253-9512,2590 Sundown Circle
Jessica Fox,Kanoodle,Type Rating,722-96-5262,7-(204)338-9189,714 Melody Junction
Shirley Stanley,Babbleopia,Subversion,906-24-3391,86-(641)140-7800,68447 Bunting Circle
Patricia Griffin,Skinder,Case Management,202-51-2594,596-(358)384-5506,6097 Colorado Park
Antonio Jenkins,Zoombox,SAP EWM,260-03-3299,358-(127)385-7289,00 Almo Hill
Diane Perry,Layo,Lotus Domino,715-01-9507,86-(212)574-4804,7286 Toban Lane
Jimmy Reynolds,Flipopia,Digital Marketing,409-06-0660,82-(939)895-2434,76 Kensington Pass
Pamela Hansen,Twitterbeat,DXL,721-95-3807,381-(807)184-4872,22 Crest Line Way
Gloria Hunter,Oyoyo,PMIS,151-79-7110,62-(279)460-1289,10438 East Circle
Jack Stewart,Zoomzone,MMIC,651-47-4740,49-(413)269-8401,0 Delaware Hill
Robert Alexander,Plambee,IBM AS/400,142-86-1220,86-(812)166-6369,218 Everett Parkway
Steven Lynch,Buzzster,SSL,592-39-2889,389-(303)678-7994,67 Jenifer Place
Shirley Cunningham,Yodoo,Nanotechnology,705-63-4065,46-(279)255-7516,1206 Fuller Court
Dorothy Pierce,Brightdog,Agile Methodologies,938-47-1151,380-(821)594-4220,92570 Jay Court
Mildred Bennett,Aivee,Immunology,638-60-4193,46-(667)336-8829,36984 Tennessee Pass
Antonio Hicks,Latz,MPE,568-34-1236,381-(738)614-5270,17 Fairview Pass
Helen Cooper,Muxo,GNU Make,489-33-6862,27-(793)736-4618,84223 Mayer Pass
Melissa Harrison,Browsebug,Agile Testing,258-72-5293,52-(597)729-7667,00384 Walton Trail
Bobby Little,Trudeo,Metro Ethernet,535-25-1978,52-(151)614-4422,08 Sycamore Crossing
Jessica Gilbert,Tazz,VSTO,767-84-4164,92-(595)416-6058,7962 Esch Point
Andrea Stone,Babbleset,Residential Mortgages,280-14-7798,358-(919)747-5302,9140 Summit Point
Catherine George,Teklist,Organizational Effectiveness,887-08-5075,86-(844)416-8604,01712 Old Gate Crossing
Russell Foster,Oyoloo,Web TV,589-46-5659,351-(116)772-4239,2605 Ohio Trail
Kelly Porter,Lazzy,Underscore.js,424-91-8497,86-(414)860-6624,5 Brown Junction
Robin Hernandez,Mymm,SSPS,745-29-4460,58-(548)582-4307,8508 Sutherland Point
Jimmy Diaz,Gabcube,IVIG,496-96-6286,33-(683)383-0933,6 Hollow Ridge Trail
Keith Dean,Bluejam,Otoplasty,779-18-2100,86-(640)861-9819,9 Algoma Alley
Marie Armstrong,Voonyx,Financial Risk Management,689-03-2334,380-(912)140-8341,10 Northfield Drive
Christina Woods,Kazu,Drainage,767-93-9260,58-(352)221-4264,8 Badeau Terrace
Sarah Weaver,Quimba,PMR,329-21-4097,93-(713)961-5450,831 Linden Road
Jeremy Green,Quimm,IEEE,483-79-1393,255-(781)474-6238,7 Spaight Alley
Aaron Henderson,Kanoodle,Beer,598-14-5275,63-(230)125-6119,54 Stoughton Center
Fred Diaz,Twitterlist,Organizational Design,971-97-4437,66-(602)597-1884,7152 Donald Place
Elizabeth Wheeler,Izio,VMware Infrastructure,422-89-7973,354-(314)269-1571,32 Arkansas Hill
Lori Stewart,Shuffletag,Jewish Education,902-21-4172,351-(814)961-2963,0588 Nobel Drive
Jack Hart,Feedfish,LPN,436-08-7722,1-(610)999-8347,89627 Eastlawn Court
Beverly Murray,Voolith,ESB,212-82-3863,7-(972)640-1385,79204 Lake View Lane
Ruby Mason,Linklinks,Hospitals,865-64-8038,236-(806)755-5876,1 Magdeline Alley
Phyllis Garcia,Avavee,User Experience Design,794-56-8250,62-(751)683-0802,29758 Aberg Court
Tammy Foster,Flipstorm,Corporate Tax,606-26-3410,47-(958)651-8868,0108 Garrison Terrace
Ann Stanley,Mynte,Myriad,746-24-5464,54-(730)555-9201,1 Jenna Court
Gregory Ellis,Oyoloo,IICRC Certified,556-82-7635,591-(577)236-0399,95 Onsgard Way
Anne Fowler,Centimia,Rural Development,143-54-6331,385-(556)413-6024,6 Clove Trail
Jason Powell,Skiba,New Product Ideas,540-28-4528,380-(907)176-0713,686 Green Way
Sarah Sullivan,Brainlounge,RFC,460-54-2711,1-(540)566-8739,3 Monterey Park
Thomas Wilson,Realcube,Logistics,556-52-4649,48-(198)489-5904,41 Myrtle Place
John Day,Roodel,UCITS,192-49-4372,63-(408)508-7240,9468 Oak Place
Nicholas Dunn,Quatz,Solar PV,226-88-6317,46-(662)854-2105,8625 American Ash Hill
Aaron Edwards,Tekfly,Long-term Customer Relationships,949-29-6175,86-(573)495-5098,52 Elka Park
Gloria Hart,Photolist,Wwise,970-87-2704,86-(515)831-6675,56 Havey Lane
Sharon Romero,Devbug,Posters,469-27-1212,235-(852)814-7141,9 Delladonna Pass
Raymond Berry,Oodoo,BFSI,502-32-1972,86-(944)806-5462,039 Sheridan Alley
Jason Ellis,Vinte,QMF for Windows,162-12-8935,57-(105)642-5407,43945 Riverside Way
Jesse Lewis,Wordpedia,Sound,474-36-8103,57-(179)321-2295,54309 Donald Hill
Joe Gray,Kazio,Git,454-84-1067,380-(528)371-5777,1870 Clemons Crossing
Wanda Baker,Yakitri,BMP,942-04-2776,234-(231)385-3548,5 Gateway Place
Terry Black,Tanoodle,Credit Unions,876-08-3391,351-(845)153-0339,516 Upham Place
Judy Franklin,Eare,Published Author,264-84-5634,593-(457)506-2060,1527 Jana Crossing
Dorothy Hughes,Meezzy,MbUnit,332-63-2799,374-(526)668-6583,9 Pearson Point
Paul Meyer,Quaxo,NSA,609-23-2697,81-(358)954-1288,090 Bowman Pass
Jonathan Rose,Tagcat,XFS,701-47-6507,252-(856)545-0166,4766 Thierer Trail
Paul Lewis,Flashpoint,LPMS,659-68-5624,86-(675)524-9582,05 Merrick Street
Bobby Simmons,Buzzster,Nslookup,475-04-8927,56-(987)774-7044,262 Cambridge Junction
Kevin Campbell,Quaxo,PC Anywhere,314-16-5524,86-(576)869-4487,9 Anhalt Plaza
Sara Murray,Latz,Karate,818-88-2577,420-(200)897-4155,301 Cottonwood Junction
Jimmy Perry,Ntag,LDD,256-63-2899,351-(667)861-5413,34666 Browning Parkway
Roger Watson,Fiveclub,PV,819-13-4302,1-(211)475-1849,40 Waxwing Hill
James Ramirez,Voomm,Project Engineering,164-07-1925,359-(789)231-8346,4459 Warner Street
Denise Butler,Flashpoint,Offshore Oil &amp; Gas,216-33-2251,48-(929)359-1299,8 Melvin Court
Craig Simpson,Skibox,SGW,262-42-8699,86-(676)428-4466,87 Superior Hill
Margaret Murray,Demivee,PQQs,677-84-8947,352-(570)883-9336,12002 Pearson Road
Thomas Fernandez,Aivee,Solar PV,417-11-4465,7-(390)375-0602,457 Veith Point
Irene Bryant,Dynabox,Semantic HTML,314-71-1220,62-(176)477-0155,0 Briar Crest Street
Frances Sanchez,Oozz,Online Communications,532-06-2460,1-(210)452-8203,0047 Maryland Pass
Clarence Powell,Layo,HSS,243-73-6343,54-(956)715-7924,9 Loomis Junction
Donna Campbell,Abatz,Youth Programs,775-74-9220,254-(599)640-7251,92140 Shasta Crossing
Teresa Hayes,Youspan,Art,408-32-9123,33-(804)434-8487,54 1st Lane
Bruce Hudson,Yotz,Americans with Disabilities Act,373-79-3658,63-(410)563-1303,526 Springs Center
Chris Hayes,Blogspan,Vocals,473-41-7655,223-(607)536-6153,3 Farragut Crossing
Janice Gomez,Flashpoint,PMIS,588-26-5568,66-(777)572-0299,33 Donald Lane
Gary Reid,Viva,Social Networking,794-94-9311,420-(765)649-7212,62 Randy Center
Sarah Banks,Myworks,Nursing Management,238-73-2278,212-(997)648-5907,00455 Canary Pass
Earl Frazier,Zoonder,SGSN,718-05-5317,48-(273)439-8825,71 Schlimgen Drive
Catherine Knight,Twitterbridge,Slogans,923-52-2255,86-(944)840-5981,9929 Dunning Road
Diane Ford,Camimbo,Full-life Cycle Recruiting,758-82-1937,7-(322)290-1811,3230 Longview Lane
Stephen Peterson,Mydo,European Union Politics,863-07-1051,1-(296)688-9664,50316 Kinsman Center
Tammy Edwards,Realbuzz,Sales Operations,373-16-4650,7-(573)515-1815,2 Marcy Circle
Michelle Bell,Aivee,IATA,388-94-3291,7-(261)467-0407,67250 Morrow Lane
Gregory Anderson,Demimbu,LLQP,641-79-9015,7-(433)577-6024,9 Lyons Lane
Lois Reid,Eadel,European Languages,376-80-3321,55-(642)778-2518,22557 Farmco Street
Emily Castillo,Rhycero,Class Actions,125-10-3870,55-(272)403-2203,219 Forest Run Plaza
Carl Johnston,Wordify,NUnit,922-22-5711,51-(585)229-4103,691 Sycamore Park
Marilyn Griffin,Eamia,CFDs,498-20-6828,351-(398)317-0683,2 Nobel Pass
Deborah Greene,Voomm,IT Recruitment,906-54-5191,86-(765)591-5534,9266 Ohio Junction
Susan Graham,Zoonoodle,gSOAP,649-70-1729,56-(678)862-5085,40571 Center Park
Sarah Moreno,Eidel,FMEA,826-78-5736,232-(674)691-0585,98142 Jana Terrace
Lisa Sanchez,Skinix,PIM-DM,120-90-2256,216-(843)732-2120,8 Roth Point
Terry Woods,Linklinks,Aerial Photography,776-89-8430,7-(773)568-7218,1 Nobel Junction
Tina Cooper,Buzzshare,Nmap,933-77-7568,7-(134)701-4802,8431 Kingsford Circle
Jerry Meyer,Realbuzz,IEC 61131-3,101-82-3089,1-(386)562-6193,96340 Golf Alley
Jennifer Walker,Vinder,VCT,567-58-3752,86-(445)511-4868,70 Brickson Park Center
Ernest Watkins,Avavee,Board Certified,999-59-6270,48-(107)767-3638,30508 Morrow Park
Julie Gray,Leenti,Military Justice,464-27-0436,503-(163)617-7015,24 Westend Parkway
Jonathan Alexander,Yakitri,Routing,966-29-9028,62-(702)156-8909,68 Schmedeman Plaza
Shawn Thompson,Edgewire,Cashiering,535-62-7005,62-(310)963-9098,01478 Jenna Point
Barbara Morris,Roombo,Offshoring,803-60-0838,7-(994)192-1579,82812 New Castle Hill
Todd Warren,Fiveclub,Genetics,787-66-4671,63-(464)220-1354,6 Kinsman Avenue
Paula Vasquez,Dynazzy,Commercial Lending,162-66-9546,86-(705)162-3811,96039 Michigan Crossing
Cheryl Jackson,Oyoyo,MBCS,264-84-1357,226-(158)824-1450,982 Everett Parkway
Wayne Hernandez,Janyx,DFU,117-48-9971,48-(782)573-5129,7559 Express Drive
Gregory Howell,Realcube,VRU,766-00-8286,358-(874)129-3220,3582 Pleasure Park
Laura Palmer,Rhycero,International Law,882-53-7812,63-(109)493-1081,3 Scoville Plaza
Ernest Fox,Ainyx,DVR,858-39-4147,33-(183)648-5685,85386 Elgar Street
Lisa Long,Fiveclub,Torts,138-52-0581,82-(265)773-4533,09 Fisk Pass
Lisa Stephens,Tagtune,HRO,258-07-6488,7-(634)885-4263,8 Cottonwood Pass
Jean Black,Shufflester,Reactive Ion Etching,157-92-6550,62-(809)476-6770,0 Little Fleur Alley
Aaron Mendoza,Tagtune,HP Networking,763-21-7595,48-(569)301-3535,34 Westport Avenue
Louise Clark,Skinte,RIS,412-60-3975,55-(470)472-7423,9 Esker Crossing
Jeremy Morris,Dynazzy,DOT Regulations,636-73-6670,353-(153)693-0552,54 Cottonwood Trail
Steve Elliott,Rhynyx,Overseeing Projects,723-08-0717,1-(225)598-2171,831 Burning Wood Terrace
Michelle Ramirez,Jaxbean,Kundalini Yoga,494-74-0797,27-(180)426-3926,82832 Mitchell Street
Robin Ortiz,Bubbletube,Fly Tying,488-35-8958,1-(571)218-1897,4 Drewry Avenue
Edward Garrett,Yata,Environmental Impact Assessment,500-78-4941,62-(739)667-6015,4315 Anthes Court
Steve Bell,Eayo,Commercial Awareness,168-84-8542,86-(454)684-6961,085 Kropf Place
Nicole Kelly,Jayo,Time-efficient,841-60-8667,55-(235)539-9519,6302 Di Loreto Crossing
Stephanie Wallace,Youspan,Top Secret,131-29-7247,63-(736)247-8272,7036 La Follette Drive
Robert Shaw,Realpoint,LGD,372-01-6357,86-(326)468-1694,4 Magdeline Park
Charles Allen,Devcast,XSD,590-59-1201,385-(290)368-2820,15465 Banding Center
Lawrence Kennedy,Dabvine,BDD,832-67-6795,60-(942)879-1607,5082 Commercial Avenue
Jeffrey Rodriguez,Zazio,NMON,231-87-0059,86-(212)157-1425,045 Beilfuss Parkway
Ashley Banks,Youfeed,IVIG,446-31-7341,94-(957)774-2209,9351 Orin Drive
Teresa Phillips,Quatz,Lynx,578-55-5654,86-(370)931-2201,720 Corry Crossing
Billy Lawrence,Quinu,FCNSA,252-44-4443,46-(618)770-5005,71 Ridgeview Crossing
Joshua Alexander,Brainlounge,DMR,591-94-5427,62-(311)934-0998,00 Oakridge Trail
Patrick Foster,Yoveo,BPWin,104-54-4131,7-(834)567-5935,1233 South Circle
Alice Daniels,Tekfly,Board Certified,566-25-3882,48-(107)140-5611,073 Helena Point
Virginia Carter,Cogibox,Zebra,910-20-3415,48-(493)965-1107,0743 Corry Circle
Ruby Little,Mita,European Markets,674-11-2718,86-(327)938-6458,8 Springs Park
William Morris,Brainbox,Online Travel,520-71-3036,62-(879)527-3435,2 Gina Alley
Donald Carr,Jetpulse,Risk Management,945-19-5656,31-(179)509-8288,465 Morningstar Terrace
Justin Martinez,Livetube,GPRS,733-76-2835,86-(892)696-6195,404 Goodland Trail
Sarah Morrison,Tazzy,BGA,398-76-4206,86-(448)175-8897,6824 Laurel Parkway
Cynthia Ellis,DabZ,EBITDA,107-33-8099,33-(194)283-3990,75 Duke Way
Paula Lopez,Skyndu,JAX-WS,533-88-6821,86-(473)498-1493,3842 Oakridge Parkway
Michael Franklin,Photolist,OmniPage,404-38-5364,62-(352)134-0930,2 Chinook Street
Rachel Rice,Yadel,LDAR,196-13-8842,62-(864)377-7365,743 Fallview Place
Joyce Brown,Janyx,Zinc,571-81-9803,7-(416)385-3380,4 Jenna Hill
Evelyn Jones,Meedoo,GPP,217-54-7519,51-(881)771-0347,2686 Kingsford Court
Janice Wood,Dablist,Knowledge Base,516-59-3600,27-(199)797-0321,509 Orin Street
Gregory Daniels,Midel,Civil Engineering,138-61-8865,370-(585)473-7703,496 Maywood Street
Cynthia Johnson,Zava,IEF,537-51-4557,254-(145)953-4711,49947 Fuller Alley
Carl Fowler,Flipbug,Healthcare,668-55-0378,33-(267)924-9723,91 Erie Place
Kathleen Hill,Muxo,Oracle OLAP,740-30-6215,383-(730)700-5774,46051 Kedzie Drive
Daniel Knight,Oyoba,Rig,676-68-5631,54-(329)790-5591,454 Heath Place
Ernest Anderson,Teklist,Project Portfolio Management,895-12-8664,86-(331)885-2111,5 Sauthoff Place
Judy Sanders,Jabbertype,SQL DB2,303-06-6839,62-(851)886-9636,661 Havey Avenue
Amanda Lee,Jabberbean,XPath,961-31-8509,48-(856)468-1457,3 Saint Paul Center
Marilyn Carr,Browsezoom,International HR,791-35-2318,66-(717)381-1403,35 Almo Trail
Laura Romero,Lajo,IP Networking,258-96-3893,86-(624)212-3700,6491 Debs Terrace
Alan Matthews,Bubblebox,Business Aviation,796-93-0933,86-(401)140-3815,23998 Hansons Drive
Melissa Gilbert,Tavu,Knowledge Base,511-17-1421,66-(742)531-1800,362 Truax Pass
Theresa Simpson,Brainbox,FTP,719-28-1969,55-(106)160-3885,52640 Doe Crossing Avenue
Pamela Cox,Pixonyx,Urban Redevelopment,321-70-5700,55-(375)948-3810,469 Cordelia Street
Anna Nguyen,Kayveo,Hibernate,642-36-0260,7-(404)550-5320,5901 Algoma Crossing
Antonio Crawford,Babbleset,TMJ Treatment,372-96-7039,972-(826)933-1473,8 Service Alley
Katherine Campbell,Quire,CCDA,483-16-5434,33-(646)512-1957,7 Laurel Street
Barbara Stanley,Viva,Hair Care,648-99-1849,385-(484)549-0007,5 Meadow Ridge Crossing
Johnny Reynolds,Babbleset,Statistics,147-69-2868,62-(842)376-7058,92649 Lighthouse Bay Center
Roger Stone,Meevee,Problem Solving,297-98-2029,48-(104)737-0338,653 Heffernan Point
Emily Mills,Edgepulse,Underscore.js,749-40-0583,86-(542)864-7459,40 Garrison Pass
Phyllis Richards,Leenti,Nanomaterials,332-25-8071,7-(413)696-2471,4 Jana Trail
Emily Berry,Zooveo,Play Therapy,971-19-3607,86-(164)615-7383,8957 Gina Avenue
Antonio Bailey,Omba,KOL Management,566-23-0314,86-(982)715-1467,045 Onsgard Street
Donna Morgan,Livefish,Geography,451-07-9041,49-(400)537-3147,920 Schlimgen Court
Gregory Montgomery,Wikizz,BMR,581-62-5115,48-(803)534-8168,885 Moulton Park
Pamela Edwards,Dynazzy,IGOR Pro,203-63-5193,48-(296)396-8728,8831 Forest Court
Paul Rose,Gigashots,Dynamics,380-11-0243,54-(365)658-6041,1834 Milwaukee Circle
Evelyn Sanchez,Devshare,IBM iSeries,248-94-1681,970-(644)988-5792,039 Melody Place
Juan Murray,Pixoboo,EoMPLS,205-95-2417,371-(586)218-3596,7141 Prairie Rose Alley
Michelle Davis,Twitterwire,DX200,582-26-3091,7-(728)649-9333,01984 Parkside Lane
Harold Sullivan,Muxo,Case Management,346-32-1226,351-(690)988-0005,1 Continental Park
Tammy Ramos,Rhyzio,Pivot Tables,397-48-0616,49-(273)995-5439,4612 Brown Place
Joshua Bishop,Riffpath,PDF Creator,862-93-2282,86-(430)363-2915,318 Fieldstone Pass
Teresa Welch,LiveZ,XAML,135-92-9696,62-(703)941-3481,07 Clyde Gallagher Road
Diane Bowman,Mynte,Wedding DJ,164-15-8830,33-(429)305-1989,70443 Holy Cross Terrace
Sarah Foster,Zoomzone,PCRF,653-13-1552,62-(563)529-3143,12309 Mitchell Plaza
Dorothy Fowler,Skidoo,QALoad,784-40-7867,504-(472)791-6208,910 Dorton Center
Patricia Black,Oloo,VTAM,191-07-7057,86-(473)282-6103,92686 Lukken Drive
Rachel Howell,Feedmix,Clinical Psychology,360-76-5456,86-(388)557-4878,115 Pond Point
Diana Wheeler,Tagchat,PPV,956-92-7129,963-(473)609-4365,47150 Mockingbird Junction
Ronald Lane,Twitterwire,OTL,691-18-8466,7-(764)829-6830,027 Montana Circle
Christina Arnold,Vidoo,MVNE,360-46-4326,86-(822)841-2321,64986 Dahle Point
Lillian Simpson,Blogtag,Value Engineering,925-86-7146,48-(498)649-2653,445 Armistice Trail
Kevin Smith,Linktype,Youth At Risk,620-64-8673,86-(622)800-2111,2534 Waubesa Alley
Lillian Morrison,Digitube,Youth At Risk,194-66-4506,963-(584)602-2409,637 Dunning Trail
Jacqueline Thompson,Yombu,Luciferase Assay,420-78-7083,255-(176)386-3137,10 Becker Crossing
Ruby Perkins,Yoveo,UE,370-64-0131,351-(286)100-3318,51523 Summerview Park
Harry Green,Fivechat,FF&amp;E Procurement,216-54-5703,226-(554)151-0733,15038 Gateway Point
Jack Berry,Quire,Functional Training,212-38-0801,86-(889)266-6331,7690 Steensland Street
Matthew Flores,Ooba,KVM,833-75-7180,36-(358)307-7103,0 Bunker Hill Lane
Charles Henderson,Aivee,Summation iBlaze,910-25-8943,62-(714)128-9692,000 Carpenter Terrace
Jose Gray,Voonyx,DBC,970-07-2747,63-(180)808-6841,0 Fairfield Lane
Kathy Tucker,Linktype,Tires,206-98-0774,86-(824)920-1290,978 Dwight Circle
Kathleen Wagner,Minyx,Digital Printing,261-89-6560,86-(108)361-7407,19988 Killdeer Road
Martin Duncan,Riffwire,VRML,128-79-8790,30-(616)993-6522,993 Duke Lane
Ruby Garcia,Tagfeed,Waste,714-27-3584,386-(390)546-9817,78 Hagan Center
Michelle Kim,Skivee,Rhinoplasty,585-95-2351,86-(279)509-2162,3 Debs Drive
Fred Ryan,Eamia,Retirement Planning,888-12-9865,84-(272)750-2269,10056 Westport Terrace
Howard Simmons,Photojam,Cross-functional Team Leadership,380-03-2029,46-(325)713-1050,37391 Evergreen Junction
Mary Lynch,Dablist,Unity3D,837-30-1152,7-(196)180-9325,33 6th Drive
Doris Green,Chatterpoint,Old English,182-22-4708,47-(141)620-6256,54069 Bartelt Plaza
Ralph Day,Quaxo,Interpersonal Skills,815-22-8477,46-(434)332-5854,620 Manufacturers Court
Jesse Henry,Devify,Ufile,662-54-6396,62-(715)632-3233,88234 Farwell Lane
Eugene Rice,Meejo,VMI Programs,578-04-7002,62-(926)380-2690,573 Harper Center
Janice Bryant,Devpoint,Geometric Dimensioning &amp; Tolerancing,128-13-5215,63-(614)680-3385,2421 Hooker Circle
Mary Sims,Meevee,Mixed-use,457-38-5614,970-(644)742-4237,0228 Southridge Place
Jose Jackson,Skivee,Offshore Drilling,465-53-2587,33-(614)107-2611,837 Spenser Circle
Virginia Gray,Yakidoo,HP Procurve,174-48-1844,46-(537)310-5699,3361 Kim Junction
Larry Simmons,Photobug,PPE,330-93-0522,977-(643)592-8588,5268 Knutson Road
Russell Lopez,Photolist,Black Belt,468-73-4951,52-(604)421-3986,478 Corben Plaza
Richard Brooks,Jetpulse,Core Banking,397-92-4189,86-(751)334-2833,184 Redwing Terrace
Carl Burke,Topiclounge,P&amp;ID,706-68-8138,86-(817)913-9182,8012 Basil Hill
Ronald Warren,Teklist,PGA,194-45-0003,504-(571)888-7787,05 Birchwood Center
Edward Greene,Eimbee,Critical Illness,696-65-5795,86-(500)154-8525,09 Thompson Pass
Angela Mitchell,Gabspot,HDI,626-56-6958,216-(723)472-5905,542 Ridgeview Place
Roger Cruz,Wikivu,Ion Channels,486-07-7102,595-(664)508-3137,17 Fallview Circle
Margaret Mitchell,Ainyx,OLT,735-02-3700,353-(309)463-0042,28755 Autumn Leaf Place
John Robinson,Wordware,Passionate about work,524-78-7854,353-(158)794-1569,17321 4th Point
Karen Mitchell,Avavee,Turbo Pascal,995-31-5573,63-(391)897-2442,664 South Lane
Frances Wagner,Gigabox,UIM,248-24-9905,86-(781)118-6703,75 Melrose Hill
Joan Kelley,Youspan,OASIS,538-49-6591,33-(947)175-3429,13367 Golden Leaf Alley
Gerald Duncan,Blogtag,Ghostwriting,817-57-3368,86-(209)267-8705,4236 Farwell Center
Brenda Russell,Minyx,RPM,222-78-1287,30-(271)186-0924,85298 Holmberg Pass
Michelle Matthews,Meezzy,Product Development,477-94-7855,62-(409)949-3414,05 Cherokee Pass
Karen Walker,Wordpedia,MbUnit,300-34-8666,63-(864)118-0112,36922 Anzinger Terrace
Philip Holmes,Mybuzz,Fiber Optics,919-65-9060,371-(442)107-1857,37884 Grasskamp Drive
Ernest Clark,Browsedrive,Career Development,103-08-9237,356-(854)320-5701,015 8th Place
Christopher Wagner,Zooxo,PVC,777-33-7522,62-(703)623-7059,2 Pleasure Point
Raymond Hall,Feedbug,Zero Waste,934-88-3332,93-(208)257-2034,12 Utah Park
Carol Gonzales,Feedfish,Analytical Ultracentrifugation,452-72-1307,212-(744)202-5475,65563 Springview Pass
Andrea Alexander,Browsebug,VTR,876-46-3783,7-(510)187-6980,9 Northview Crossing
Roger Black,Livetube,Import,201-22-5915,66-(524)533-4943,22 Erie Street
Barbara Ruiz,Leenti,Air Force,518-33-9773,86-(629)273-7281,891 Myrtle Center
Joan Franklin,Linklinks,DUI Defense,218-75-4093,62-(600)137-2682,74972 Park Meadow Point
Denise Wilson,Dynava,RNA,524-11-4453,86-(447)579-0563,5214 Lake View Trail
Sandra Green,Oyoyo,Technical Illustration,918-82-8998,86-(326)618-9572,70 Logan Parkway
Lisa Medina,Skiptube,Economic Policy,377-32-7810,263-(936)127-7191,3110 Prairieview Place
Raymond Little,Brainlounge,ClearCase,593-18-7202,264-(334)664-7435,17073 Melby Lane
Carl Larson,Trunyx,Strategic Communications,563-31-1880,48-(376)970-5543,692 Linden Road
Rebecca Patterson,Realmix,Uranium,453-32-0471,86-(644)964-3962,51 Sheridan Circle
Robert Murray,Omba,Windows,440-73-0678,269-(779)851-4873,12 Fuller Plaza
Joshua Sims,Wikido,After FX,444-97-5713,30-(792)339-3051,04 Pankratz Point
Michelle Warren,Cogibox,Rent to Own,556-06-5408,86-(528)380-6892,46 Melody Point
Karen Parker,Riffwire,Press Kits,379-43-7637,507-(258)798-6050,577 Main Crossing
Brian Woods,Yadel,Prototype.js,230-81-3573,63-(706)886-3063,61485 Meadow Vale Lane
Julia Evans,Vitz,Strategic HR,623-89-6081,86-(359)895-6900,00511 Namekagon Circle
Victor Reed,Meedoo,Khalix,587-48-2127,86-(560)415-8012,10 Scoville Hill
Brandon Hansen,Linktype,Oxidation,398-50-5407,297-(629)423-7874,84343 Pleasure Road
Paul Harvey,Feedspan,Store Operations,207-82-1600,355-(165)292-7563,633 Sullivan Drive
Jean Sullivan,Skyba,ISO/TS 16949,921-87-6052,973-(169)553-8881,85 Pond Street
Gregory Morales,Bluejam,DSE Assessments,801-46-6774,86-(214)328-5912,2227 Sutteridge Alley
Juan Snyder,Blogpad,Eclipse CDT,657-61-5255,86-(446)681-0759,466 Derek Way
Peter Simpson,Shuffletag,Dynamics,700-54-5931,7-(321)579-4891,78317 Lyons Parkway
Wanda Henderson,Twitternation,Embedded Linux,522-84-8294,238-(881)431-9892,7903 Tennyson Road
David Hall,Skidoo,OMB Circular A-133,575-84-7389,86-(993)549-4052,6904 Gina Lane
Henry Miller,Livefish,Pharmacy Benefit Management,631-50-8319,1-(401)123-5155,92649 Manitowish Hill
Andrew Lynch,Twimm,MMORPG,422-49-6939,86-(454)990-5146,5 Warbler Hill
Alice Morgan,Demimbu,TGI,106-33-3146,420-(169)269-7072,34025 Kinsman Alley
Debra Hudson,Oodoo,Eclipse CDT,912-60-1356,55-(892)848-5337,3005 Forest Run Parkway
Clarence Montgomery,Photobean,Banners,300-11-1532,7-(510)929-2835,15 Schlimgen Place
Evelyn Lane,Devpulse,SFDC,343-64-7685,63-(556)403-0942,63 Dawn Trail
Donald Medina,Katz,BMX,972-28-8265,66-(907)956-4341,8571 Marcy Crossing
Teresa Montgomery,Kamba,IAR,291-91-9344,353-(839)239-0896,9 Luster Drive
Judith Pierce,Dynabox,BSD,691-14-7887,86-(752)488-6401,93 Harper Park
Elizabeth Graham,Eadel,Zumba Instruction,549-74-0794,86-(901)295-6232,2 Old Gate Trail
Robin Sullivan,Zoonder,QCAT,650-78-9263,255-(627)716-8875,96840 Brown Hill
Samuel Evans,Kazio,Nmap,643-97-1855,86-(786)926-0917,8543 5th Court
Russell Alexander,Jabberbean,IES VE,135-09-5668,86-(857)368-5097,8 Lakewood Hill
Anthony Cruz,Rhyzio,MD&amp;A,930-16-0319,256-(996)578-6415,4575 Sheridan Center
Laura Martin,Youopia,WGA,245-90-1745,351-(698)298-1139,05921 Blaine Avenue
Bonnie Morrison,Chatterbridge,Social TV,960-89-1078,46-(842)839-8883,62 Badeau Terrace
Jessica Fernandez,Abata,On Location,886-63-8418,86-(780)991-2383,1 Green Ridge Parkway
Michael Fuller,Topiczoom,VRU,299-69-5775,976-(580)500-9204,548 Tennyson Plaza
Kelly Garrett,Roombo,Market Knowledge,694-98-1288,66-(542)242-3461,536 Golf Course Junction
Raymond Oliver,Flipstorm,Landlords,187-79-2715,60-(113)736-3057,7 Lakewood Gardens Plaza
Matthew Stevens,Babbleset,Literature,228-72-5354,55-(926)270-0486,6980 Tennessee Road
Tina Garcia,Aimbo,Woodworking,603-27-0502,86-(579)916-8537,09 Main Junction
Terry Nguyen,Oyoloo,Ultrasound,795-61-0356,1-(389)736-7900,823 Cascade Park
Larry Allen,Yadel,CDPE,475-12-1176,27-(415)975-9508,2 Burning Wood Way
James Lawson,Wordtune,Youth Programs,756-43-9377,63-(544)452-9301,90 American Ash Point
John Matthews,Browsebug,Retirement Planning,363-12-8862,86-(447)863-5297,6811 Eliot Lane
Lori Fowler,Omba,CNS disorders,585-92-6186,380-(746)953-3930,37531 Darwin Pass
Juan Alexander,Mydeo,WinForms,350-65-6638,51-(134)503-6201,0 Bluestem Avenue
Mark Taylor,Yakitri,Songwriting,219-70-7728,255-(909)473-1324,8 Roth Park
Ann Flores,Divape,QA Automation,232-86-6397,86-(216)864-4085,66 Jackson Pass
Sarah Nguyen,Meejo,HDV,257-92-2091,420-(201)296-2713,32725 Texas Street
Sean Lawrence,Avamba,Patient Safety,244-26-3285,33-(878)647-9416,261 Buhler Way
Betty Snyder,Edgepulse,Community Organizing,901-92-1594,351-(897)893-1846,744 Bobwhite Street
Justin Morgan,Vipe,Www,172-04-4920,7-(287)949-9838,1035 Gateway Plaza
Earl Meyer,Brightbean,System Testing,617-50-2874,63-(950)777-7074,7 Luster Center
Cynthia Henry,Divavu,Water Resources,173-76-7023,261-(407)996-0487,09364 Mockingbird Circle
Russell Gonzalez,Kwilith,Xeriscaping,982-98-9677,62-(333)766-9470,5703 Rockefeller Center
Karen Howell,Rhynoodle,TWIC Card,416-59-2033,63-(286)532-5304,45 Holmberg Pass
Doris Daniels,Youspan,AFM,248-54-3067,973-(443)997-5106,729 Novick Alley
Christopher Harvey,Jaxnation,Writing,909-78-9610,48-(555)930-9649,1550 Pearson Parkway
Kathleen Powell,Devpoint,TDMA,114-27-2069,27-(671)829-0176,9001 Prairie Rose Street
Lisa Roberts,Yakijo,Guided Imagery,167-15-0913,7-(220)335-6574,73044 Killdeer Terrace
Janice Ruiz,Skilith,Sourcing,671-75-0783,48-(912)637-9971,8 Farmco Pass
Roy Peterson,Bluezoom,Client Services,440-43-7711,62-(285)390-0556,3 Brentwood Road
Roy Gonzales,Mydo,Jury Trials,215-33-8276,234-(377)768-5605,0 Gulseth Park
Adam Fisher,Latz,Medical Writing,708-58-6401,31-(683)455-6582,8 Northland Alley
Martha Howard,Bubbletube,Insurance,279-02-2915,7-(298)848-6967,4 Bay Lane
Samuel Webb,Gabtune,Branch Banking,157-74-8759,386-(259)466-0677,623 Northridge Center
Cheryl Torres,Oozz,JWICS,100-65-8315,54-(296)929-1310,939 Miller Center
Jeremy Fields,Thoughtmix,KMDF,953-31-4820,27-(871)239-8492,48490 Muir Parkway
Karen Bennett,Jaxbean,Transportation Management,693-39-8097,994-(709)268-1926,08890 Kropf Avenue
Ruby Shaw,Centimia,Affirmative Action,707-13-5778,84-(551)189-9382,2 Lunder Point
Kenneth Frazier,Twitterworks,DFX,758-30-5460,86-(976)503-3045,39 Declaration Parkway
Gloria Williamson,Voonyx,HDI,453-60-7336,212-(374)217-0340,6 Hansons Alley
Walter Gardner,Meeveo,TyMetrix,637-25-1899,55-(938)462-8745,1609 Vidon Drive
Pamela Bradley,Ntag,Yacht Clubs,945-70-7478,62-(362)598-7191,42050 Westend Terrace
Ruth Rodriguez,Oyoba,Tds,500-12-1886,62-(173)159-1203,867 Lake View Circle
Linda Weaver,Skinix,UWB,417-96-5260,86-(611)620-0159,5 Cardinal Center
Michelle Owens,Gevee,VSEO,916-18-7011,86-(718)663-0190,9634 Northridge Hill
Donna Wood,Demivee,E-zines,896-43-6438,1-(888)239-6223,64942 Nancy Terrace
Frank Fuller,Aibox,Copywriting,637-24-1071,30-(580)846-8466,2636 Shelley Drive
Douglas Jacobs,Topicblab,Sales Tax,596-07-5334,86-(541)969-5553,70 Doe Crossing Way
Antonio Berry,Jabbersphere,GHS,868-58-8527,62-(183)741-8194,69 Spaight Terrace
Alan Bowman,Roombo,Jin Shin Jyutsu,708-78-6384,86-(828)879-0368,035 Melvin Hill
Terry Mason,Realpoint,Zeus,301-08-5882,62-(729)817-7449,7 Donald Junction
Sandra Cox,Dabfeed,Workshops,672-82-3509,86-(520)253-0449,11 Acker Crossing
Jennifer Mendoza,Snaptags,PyUnit,171-17-5862,54-(138)983-6510,4 Donald Park
Kathryn Wells,Jaxbean,Journals,101-66-8278,373-(941)767-6634,4736 Gateway Court
Brenda Gardner,Jaxnation,RDBMS,687-79-9569,1-(573)533-9824,48194 Longview Plaza
Marilyn Cunningham,Meezzy,SSCP,323-57-3166,86-(797)688-3183,62903 Montana Pass
Donald Day,Oyondu,CQI,172-46-9119,420-(667)783-9918,546 Iowa Way
Keith Ramirez,Cogibox,MW,875-85-7550,385-(407)159-7286,52 1st Pass
Cheryl Thomas,Centidel,PMM,363-09-1480,374-(271)477-0587,5 Katie Plaza
Heather Hunt,Linklinks,RTGS,501-55-5412,86-(874)794-4104,68033 Bluejay Lane
Edward Snyder,Edgepulse,DCOM,180-75-1325,48-(640)815-0420,0 Eliot Point
Cynthia Fields,Blogspan,Strategy,880-28-9323,36-(552)355-2075,906 Summer Ridge Lane
Victor Allen,Trilith,PC Anywhere,185-87-0236,504-(758)993-1849,9766 Garrison Junction
Martin Arnold,Omba,JBoss Seam,780-33-3248,34-(387)293-8155,5786 Raven Place
Steve Henry,Gigaclub,DME,335-08-4924,86-(545)239-8428,59420 Dakota Trail
Jose Banks,Meevee,Quality Patient Care,379-56-2236,253-(789)725-6657,7213 Farwell Way
Justin Daniels,DabZ,Software Development,100-56-1017,63-(493)760-7475,41988 Ohio Place
Richard Duncan,Camimbo,IFS,823-75-6922,62-(712)640-2040,98 Stang Alley
Philip Ellis,Yakidoo,XML Gateway,946-08-9529,54-(963)797-0921,77 Menomonie Pass
Billy Fuller,Plambee,Turkish,957-39-8282,86-(853)192-4896,07512 Talmadge Hill
Melissa Stephens,Zooxo,CDMA2000,788-82-4840,51-(108)608-4161,71179 Kipling Place
Aaron Kelly,Photobug,Online Journalism,208-74-0658,1-(347)252-0340,896 Brown Point
Lisa Flores,Agivu,Hand Knitting,351-87-2996,86-(448)857-6528,89 Loftsgordon Center
Gary Parker,Youopia,Medical Writing,175-85-0887,86-(706)455-8577,6084 Packers Parkway
Ernest Lawson,Chatterpoint,Cellular Communications,525-83-3162,358-(406)203-2015,729 Starling Center
Alice Brooks,Wordware,Stakeholder Management,477-08-8613,86-(670)158-2742,03 Cordelia Drive
Daniel Mills,Fanoodle,Time Management,953-87-3348,51-(229)366-6668,37 Anhalt Road
Keith Fuller,Flipbug,Key Opinion Leaders,976-81-6338,33-(972)299-3741,73 Merrick Hill
Jason Gonzalez,Teklist,IKEv2,587-69-4800,370-(822)319-0475,7 Ruskin Point
Karen Hunt,Kwideo,Early Childhood Development,105-17-7055,501-(107)467-6284,748 Arrowood Alley
Christine Pierce,Quamba,Radio Production,237-73-2109,387-(394)775-6661,3 Westend Place
Tina Ruiz,Babbleopia,ASP,735-62-9731,55-(994)537-8876,10314 Mayer Avenue
Brenda Green,Podcat,Book Design,972-06-7724,380-(738)802-9394,91432 Graceland Street
Todd Rodriguez,Viva,Subversion,584-31-2011,81-(870)721-3479,7 Gulseth Circle
Cynthia Ruiz,Lazz,XML,857-30-5275,353-(984)597-8578,99 Graceland Street
Sharon Knight,Kanoodle,Non-profit Program Development,698-39-8001,62-(723)275-9327,12 Magdeline Drive
Timothy Hudson,Oyondu,Sales Operations,917-84-5947,51-(804)333-0519,76321 Ruskin Place
Joyce Mendoza,Kwimbee,Urgent Care,952-77-1444,48-(500)857-6854,09 Browning Street
Irene Hansen,Yambee,Active TS/SCI Clearance,450-13-3908,63-(733)317-6667,72639 Bashford Road
Rose Frazier,Vipe,DNA replication,405-92-4137,381-(164)652-8396,159 Warner Plaza
Debra Hansen,Realblab,TV Distribution,838-69-9808,880-(875)995-9899,0795 Declaration Center
Joe Owens,Avavee,Ektron Content Management System,632-33-6495,46-(626)858-3514,8 Elmside Point
George Chavez,Leexo,IBM BPM,225-62-2815,7-(689)342-3000,87 Ridge Oak Road
Frank Sanders,Dynabox,Book Illustration,855-21-8201,86-(832)309-8476,04521 Knutson Trail
Lawrence Sullivan,Cogibox,GPC,636-50-6670,62-(289)957-8840,9948 South Crossing
Wanda Wilson,Edgetag,Account Reconciliation,918-19-1339,886-(529)513-0519,6363 Village Green Pass
Raymond Crawford,Yambee,Classroom Management,644-26-5699,504-(866)381-4799,27040 Arapahoe Place
Christopher Simmons,Twinder,IV,182-12-8427,86-(342)267-6783,5 Sullivan Terrace
Ralph Lawrence,Reallinks,MPIO,540-10-8505,7-(470)641-2099,633 Service Court
Debra Warren,Livetube,Sleep Disorders,142-78-4098,380-(861)867-7585,06 Butterfield Junction
Teresa Freeman,Oyoba,Urdu,993-42-8510,57-(310)161-9621,95641 Springs Alley
Nancy Rice,Twitterlist,HSEQ,506-96-5221,7-(776)944-9892,6407 La Follette Street
Wanda Palmer,Twitterbeat,Media Relations,310-79-4557,33-(416)271-5796,2 Ludington Junction
Kathy George,Zoomzone,Exercise Physiology,871-97-3048,86-(494)113-5765,7 Red Cloud Trail
Bruce Davis,Vitz,Electric Utility,905-85-0090,7-(500)601-5830,95954 Quincy Court
Keith Morgan,Babbleopia,Applied Behavior Analysis,981-50-0219,880-(528)976-3147,47389 Jana Park
Doris Morris,Photospace,VxWorks,186-32-6291,86-(763)782-2776,6720 Utah Hill
Harold Bennett,Yoveo,Cell,646-49-9663,55-(827)451-5637,731 Glendale Crossing
Billy Hicks,Zoovu,pfSense,832-13-4253,86-(210)870-6473,0 Manley Junction
Christopher Bradley,Yacero,MPEG-4,658-09-2643,385-(107)855-9664,121 Prairie Rose Hill
Jeremy Garcia,Flashset,Brazilian Jiu-Jitsu,108-96-4417,220-(777)311-2376,6 Hooker Point
Catherine Bryant,Realbuzz,Presentation Skills,178-48-0002,64-(591)259-5455,9592 Del Sol Drive
Sandra Perez,Twimbo,DPF,213-48-8082,86-(796)869-5478,6 Michigan Street
Gregory Jordan,Realcube,Tween,804-36-4249,351-(190)887-2959,97379 Rusk Court
Keith Watson,Topicstorm,DPF,550-61-3949,212-(137)710-5108,1214 Old Shore Terrace
Billy Sanders,Browsebug,BMI,950-91-1638,51-(234)797-5460,93747 Forest Dale Parkway
Margaret Cruz,Feedbug,Zend Framework,582-78-3325,1-(602)221-6664,02 Loeprich Alley
Elizabeth Myers,Photobean,SGE,210-69-1861,92-(809)733-4797,128 Boyd Place
Bruce Martin,Skibox,7 QC Tools,393-96-4411,86-(332)679-8576,05542 Orin Plaza
Robin Burke,Fliptune,FME,288-56-3958,86-(806)395-0138,6937 Quincy Road
James Pierce,Myworks,Logistics Management,254-29-9829,86-(399)922-9430,6771 Magdeline Pass
Jean Williams,Brainverse,Nutrition Education,887-89-9025,55-(520)356-9914,2237 Browning Terrace
Jimmy Murphy,Thoughtsphere,DV,760-60-5294,7-(128)777-4108,735 Cambridge Circle
Denise Gordon,Bubblemix,Otology,540-87-4567,86-(966)236-5253,19087 Derek Junction
Kimberly Alexander,Wikido,CGI scripts,763-54-5424,33-(685)601-4556,3988 Melby Place
Martha Butler,Oyope,MDS,248-24-3025,1-(813)443-6028,8 Buell Plaza
Thomas Palmer,Gabspot,Low Voltage,982-41-3252,86-(632)141-1912,9725 Katie Point
Andrew Jacobs,Gigashots,DBAccess,614-63-0124,850-(965)544-2606,7729 2nd Drive
Mark Banks,Kwilith,Environmental Management Systems,730-43-8118,86-(811)144-6526,289 Carpenter Crossing
Sandra Arnold,Yamia,LPMS,703-09-5486,55-(211)342-8238,165 Monica Trail
Bruce Fuller,Jaxnation,Intercollegiate Athletics,585-34-2639,86-(532)161-0838,05 Sullivan Crossing
Kimberly Pierce,Brainverse,Fragrance,497-84-3023,505-(527)113-1499,0257 Sage Street
Clarence Nelson,Skyvu,IVIVC,106-27-4708,351-(164)233-3618,7902 Florence Place
Raymond Robinson,Yambee,KVM Switches,698-50-9997,7-(276)499-6902,52844 Stoughton Street
Keith Jenkins,Jayo,MLD,941-21-5076,54-(504)387-0682,81 Delaware Avenue
Debra Long,Wikido,SBRT,822-37-3278,963-(629)454-4868,3 Fallview Park
Brenda Morrison,Centizu,Clinical Psychology,987-77-4756,351-(990)850-0843,1 Meadow Ridge Hill
Steven King,Linktype,PKCS#11,348-67-2643,62-(971)977-8887,99 Heath Place
Stephanie Ray,Pixope,Hydrography,448-92-0197,1-(569)355-2113,66894 Del Mar Circle
Martha Murray,Kwideo,Agile &amp; Waterfall Methodologies,154-04-5833,86-(555)157-4990,56 Anzinger Avenue
Gerald Watson,Rhybox,CCU,625-85-0108,48-(169)138-8981,2909 Emmet Plaza
Susan Reid,Photobug,Illustration,552-02-8595,62-(620)112-3189,46 Kedzie Way
Denise Russell,Myworks,SMS,881-27-7214,7-(585)902-8731,40587 Annamark Way
Alice Jenkins,Twimm,Pediatrics,273-23-0431,262-(628)986-5504,3 Independence Way
Terry Bradley,Yadel,User Research,327-64-4570,221-(470)176-0839,17 Loomis Terrace
Andrew Henderson,Yakitri,SAP MM,304-37-5650,84-(689)239-2353,885 Leroy Court
Philip Stanley,Oyoyo,SSH Client,723-70-7716,86-(241)103-8064,99685 Weeping Birch Lane
Keith Price,Buzzshare,RSA Security,789-96-8248,351-(471)363-0680,98 Sage Place
Amanda Wells,Lajo,Fashion GPS,667-71-9366,51-(905)328-8887,92 Forest Dale Hill
Denise Fox,Dynabox,Eye Tracking,778-34-9690,98-(294)604-8744,45789 Eastwood Avenue
Anne Burke,Gigabox,European Affairs,202-96-3961,86-(496)562-8122,1209 Little Fleur Crossing
Ruth Lee,Trunyx,Theatre,149-13-0755,351-(279)342-1968,7332 Dapin Park
Eric Simmons,Livepath,Operating Room,604-75-4001,46-(982)685-0529,401 Helena Court
Stephanie Schmidt,Centimia,RCDD,103-23-2795,86-(893)702-2192,0 Scofield Junction
Janice Spencer,Divavu,XCAP,765-18-8180,234-(663)444-3591,6 Nancy Road
Wayne Stevens,Vinte,Air Compressors,129-30-5431,86-(619)821-1134,2 Crest Line Road
Diana Carr,Topiclounge,Market Planning,965-33-7792,86-(737)383-4344,57 Hallows Court
Catherine Stone,Bubbletube,Yoga Instruction,659-71-6208,66-(641)691-8161,090 Myrtle Trail
Annie Morgan,Kimia,SnapMirror,762-82-8574,374-(536)306-5871,30 Longview Trail
Jennifer Stevens,Jaloo,Move Up Buyers,131-87-3729,48-(527)208-6790,90 Prairie Rose Street
Shirley Ryan,Voolith,JES2,664-99-7196,54-(347)109-2951,2 Namekagon Lane
Rebecca George,Roombo,Play by Play,134-67-5822,30-(615)802-5567,7 Troy Court
Catherine Johnston,Photobean,BS25999,334-78-6159,389-(827)620-3009,59144 Roth Crossing
Julia Mason,Kazio,Ghost Imaging,292-41-5386,420-(169)610-0596,9 Tomscot Crossing
Theresa Matthews,Vimbo,Smart GWT,906-27-3188,351-(250)994-8572,327 Springs Point
Frank Hicks,Quatz,Personal Injury,887-74-1171,33-(554)331-5303,816 Dunning Lane
Judith Chapman,Digitube,Radio Broadcasting,138-94-3148,86-(515)575-4556,9 Mariners Cove Point
Christine Fuller,Yadel,PTC Creo,147-39-8997,63-(355)284-1131,5572 Almo Drive
Jean Torres,Chatterbridge,Zenworks,710-20-3438,62-(546)121-1084,49403 Carberry Road
Joan Burton,Voomm,Geophysics,512-11-8991,62-(703)573-1496,641 Nobel Circle
Roger Burton,Pixoboo,Dynamic Positioning,634-19-7878,86-(466)747-9489,221 Green Ridge Lane
Susan Price,Photobug,Business Process,225-52-3076,244-(853)372-8332,2237 Anzinger Road
Peter Murphy,DabZ,Business Ideas,603-97-8425,7-(218)257-5603,717 Comanche Street
Dennis Lane,Livefish,Short Stories,992-11-9022,968-(255)196-5575,9 Waxwing Street
Peter Willis,Skilith,QIP,391-40-3752,55-(558)174-9827,581 Thackeray Junction
Philip Lee,Wikido,Rehabilitation Psychology,487-26-0551,591-(524)429-3082,4 Center Parkway
Shirley Ward,Gabvine,LabVIEW,139-47-1671,86-(758)600-4628,77 Dottie Point
Kimberly Washington,Jabbertype,IGMP,455-90-4760,355-(472)513-2754,50985 Maple Pass
Donald Brooks,Meeveo,Omega,232-70-8074,963-(690)433-9967,6689 Westend Road
Carl Bryant,Skipfire,Genomics,678-51-7848,976-(244)941-1330,758 Caliangt Drive
Ralph Moore,Gigabox,RNA Biology,811-68-5420,7-(791)883-9820,443 Loftsgordon Drive
Pamela Clark,Lazzy,Study Abroad Programs,527-79-7867,249-(425)289-9571,88 Bashford Trail
Todd Butler,Skajo,SIP Trunking,754-39-1511,63-(861)846-0261,32 Schurz Road
Larry Fields,Oyoba,Smart TV,133-68-9946,504-(365)413-5854,9426 Talisman Park
Gerald Hudson,Ooba,GDI,132-82-9016,351-(713)377-4566,65800 Elgar Street
Edward Chavez,Skyba,Geophysics,432-66-2524,356-(808)133-9549,13 Sundown Place
Amy Fields,Thoughtstorm,Sea Kayaking,829-86-0608,86-(771)634-0632,8326 Badeau Crossing
Elizabeth Franklin,Skimia,Hazard Identification,468-96-4945,966-(907)337-1186,6012 Annamark Place
Christine Pierce,Jaxbean,DMEDI,805-81-6773,7-(690)107-3707,8438 Shelley Alley
Terry King,Skivee,HR Strategy,916-74-5861,55-(114)388-4065,5 Sundown Plaza
Willie Walker,Skiba,WWII,908-34-5683,7-(165)848-4065,030 Bayside Alley
Henry Carter,Thoughtbridge,RSS,274-70-4051,380-(547)271-6806,5831 Kennedy Hill
Nancy Daniels,Yodoo,CCU,621-76-9446,7-(423)595-2270,4 Bobwhite Drive
Jason Frazier,Skilith,DVD Authoring,363-16-8698,970-(329)966-0548,84517 Charing Cross Point
Cheryl Armstrong,Zoomdog,CNG,916-77-3949,420-(632)666-2816,2876 Golden Leaf Drive
Fred George,Photospace,IT Outsourcing,810-86-7614,351-(689)992-6294,0407 Fremont Avenue
David Rose,Voolith,Knowledge-hungry Learner,760-89-4030,86-(112)184-1256,295 Summit Drive
Linda Bennett,Fadeo,ZFS,783-57-3226,62-(988)835-6275,91938 Pepper Wood Alley
Lisa Carr,Cogilith,Solution Architecture,246-78-2206,81-(813)232-6320,17860 Mosinee Hill
Pamela Ellis,Mynte,Immigration Law,242-18-3771,351-(116)717-8000,169 Del Sol Parkway
Joan Young,Flipbug,Physical Oceanography,569-92-3664,86-(938)699-2466,199 Wayridge Court
Maria Wright,Buzzster,User Interface Design,859-99-9943,1-(300)805-2406,8139 Burrows Parkway
Cheryl Turner,Leenti,Tally ERP,641-25-9982,86-(450)207-0424,5 Kedzie Terrace
Willie Richardson,Linklinks,DTE,798-89-9015,355-(868)898-7086,28 Thackeray Crossing
Gregory Martin,Voonix,CBORD,308-17-2037,86-(589)132-8589,05278 Forster Pass
Margaret Wilson,Trupe,Zymography,721-38-4253,385-(361)804-0106,33661 Prairieview Circle
Teresa Sims,Brightdog,RRIF,951-43-9451,95-(713)379-7578,4321 Lien Parkway
Donald Bradley,Ailane,Zeta Potential,813-53-3578,30-(261)839-5744,59814 Goodland Way
Norma Fowler,Voolia,EWM,462-99-2991,212-(966)665-1132,7 Fordem Hill
Robin Watkins,Voomm,SGW,670-50-7758,55-(129)893-0958,0094 Menomonie Pass
Jeremy Howard,Browsezoom,Beer,846-13-8085,1-(865)331-3352,99236 West Hill
Andrea Hunter,Riffwire,Rhetorical Analysis,138-82-9482,86-(690)934-8259,09131 Shelley Way
Stephanie Weaver,Reallinks,Writing,629-82-4268,86-(376)923-2901,2 Gulseth Pass
Beverly Jacobs,Oyope,CPT,852-29-7002,375-(621)121-2462,261 Golf Course Point
Lawrence Hicks,Feedfire,Data Guard,603-25-6840,62-(425)624-9083,9976 Loftsgordon Trail
Alice Berry,Meevee,Home Equity Lines of Credit,989-56-0224,86-(449)205-7597,40642 Lake View Crossing
Keith Shaw,Edgepulse,Bhangra,548-00-0346,51-(964)134-2714,05183 Leroy Hill
Joyce Austin,Rhyzio,HP,829-71-2094,60-(600)228-9366,03 Warrior Avenue
Fred Mitchell,Quimm,Payments,155-64-0088,262-(239)330-5517,7956 Maple Wood Court
Marilyn Richardson,Feedfish,Laboratory,905-31-4905,86-(850)816-2941,2871 Harper Pass
Joe Hughes,Avamm,CMMS,378-96-3986,56-(237)345-2188,5 Muir Drive
Philip Butler,Devbug,GCF,564-43-7604,55-(830)505-9918,95400 Corben Street
Lois Martin,Eayo,Lyrical,684-02-7067,86-(888)132-7231,8 Main Junction
Shirley Edwards,Talane,JRun,802-50-3035,351-(547)558-5488,336 Novick Circle
Nancy Shaw,Gabcube,CQI,749-28-5005,30-(348)419-2087,610 Dovetail Road
Christine Morrison,Skyndu,Tires,789-30-4897,86-(633)124-5982,03 Lakewood Place
Jessica Taylor,Trudoo,Abstracting,412-74-0250,351-(613)485-4679,219 Bultman Alley
Dennis Pierce,Voonte,Kondor+,884-29-7484,385-(346)190-4245,0330 Helena Lane
Billy Alexander,Reallinks,WGA,737-58-1846,385-(864)536-8839,27 Mallory Center
Philip Hawkins,Centimia,Self-esteem,195-02-2845,351-(791)725-2091,55 Sundown Crossing
Mildred Freeman,Shufflester,ICP-MS,350-02-7400,963-(526)408-3349,9884 Corry Terrace
Norma Arnold,Pixonyx,PFT,808-09-8140,62-(288)304-4915,968 Calypso Way
Robin Fowler,Kwimbee,CGI scripts,191-99-5638,45-(722)812-6714,6869 Mifflin Trail
Ryan Medina,Teklist,Museums,977-13-5859,86-(924)463-3673,0 Emmet Court
Adam Reed,Skidoo,EEO Investigations,351-37-9860,86-(656)297-2568,4 Drewry Place
Theresa Rogers,Devpulse,Egyptology,810-49-4354,967-(399)946-3146,53773 Rieder Pass
Tammy Barnes,Buzzshare,Audio Engineering,574-78-4358,93-(350)472-5757,621 Mitchell Junction
Gary Fields,Leenti,MySQL,770-58-5663,33-(169)612-5427,8756 Chive Alley
Jimmy Griffin,Fivebridge,Nursing Care,778-98-5516,504-(237)533-9911,68409 Laurel Street
Cheryl Hart,Photobean,Cell Culture,766-05-6174,63-(341)615-8099,22091 Melby Junction
Jack Hernandez,Layo,Eyeon Fusion,843-54-9230,351-(893)483-2307,3587 Meadow Ridge Circle
Aaron Fuller,Youbridge,WLST,881-29-1473,66-(657)790-5453,03 Cambridge Street
Jennifer Johnston,Meejo,IBC,846-17-9617,86-(966)869-5208,90 7th Center
Walter Gray,Wordware,DVD Studio Pro,981-29-6732,86-(655)439-1926,1 Bluestem Alley
Anna Lynch,Topicstorm,UEFI,145-67-1158,81-(160)411-0028,84 Shopko Road
Melissa Harvey,Fivechat,Gym,614-45-9752,252-(206)151-3186,03 Merry Point
Sharon Hansen,Avamba,IATSE,858-99-9393,33-(759)321-3427,61014 Porter Street
James Willis,Tagopia,Visual Arts,183-76-2472,62-(681)761-4276,74849 Forster Way
Lori Robinson,Yacero,Scheduling,472-88-8382,51-(475)785-9257,3932 Lakewood Drive
Deborah Chapman,Ntag,GPCRs,520-78-5839,55-(452)812-0277,14320 Kennedy Plaza
Arthur Chavez,Yodel,Small Boat Operations,577-53-1801,86-(413)918-7648,2 Sycamore Trail
Aaron Olson,Jabbercube,DC Operations,788-89-2053,62-(604)904-9384,7850 Porter Drive
Juan Wood,Skajo,Youth Entrepreneurship,703-52-3918,62-(294)930-8064,78 Melody Parkway
Clarence Mccoy,Skyble,Media Relations,469-41-8319,86-(907)792-5914,23 Eggendart Point
Jason Crawford,Babbleblab,JTAPI,820-10-2755,63-(883)806-7034,1 Arrowood Plaza
Wanda Cook,Eare,Employee Training,298-49-5126,7-(345)994-2387,66653 Holy Cross Plaza
Diana Reynolds,Skippad,Animal Nutrition,678-43-1045,970-(513)540-9664,55499 Ludington Junction
Peter Lewis,Reallinks,IBM Tivoli,925-09-2846,420-(591)500-5463,04732 Claremont Alley
Arthur Wells,Flashpoint,SDS-PAGE,567-61-8417,57-(758)466-9242,75 Fisk Crossing
Johnny Marshall,Tagchat,FMCG,312-51-8769,63-(897)791-2442,82 Hallows Pass
Carl Gibson,Fadeo,Crystal Xcelsius 2008,416-60-8938,86-(321)589-3946,9 Crest Line Circle
Linda Rivera,Aivee,WMOS,684-29-2032,86-(154)756-5241,55493 American Ash Terrace
Catherine Franklin,Dablist,Health Promotion,694-55-5643,359-(298)484-0166,15 Acker Parkway
Dennis Stephens,Dablist,Special Events,290-58-1471,48-(668)433-3252,979 Hoffman Road
Bonnie Chapman,LiveZ,BMC Portal,576-46-2364,383-(153)115-7506,8 Hagan Parkway
Laura Ray,Oodoo,IBM Websphere Commerce,464-91-8883,420-(181)318-3517,090 Nobel Center
Roy Roberts,Eire,DX200,433-47-2965,7-(956)509-2919,861 Superior Street
Katherine Palmer,Jabbercube,EMR,182-74-2228,504-(848)358-9381,73079 Dayton Crossing
Martha Perry,Meemm,Kidney Transplant,558-07-6704,31-(569)382-0159,46937 Veith Court
Ruth Jones,Yata,Myers-Briggs Certified,157-67-8803,62-(794)783-3064,5 Huxley Crossing
Amy Ruiz,Yabox,LCMS,265-57-8894,62-(419)872-6727,6 Everett Street
Tina Hawkins,Ntag,Thin Films,707-27-4057,49-(732)472-6225,9845 Dapin Circle
Kathryn Perkins,Shufflester,BCNE,107-52-7998,63-(793)896-3609,2 Eagan Circle
Betty Wood,Brightbean,Sarbanes-Oxley Act,745-03-0687,1-(361)878-5573,713 Village Trail
Jonathan Andrews,Eidel,NCIE,883-21-7092,51-(846)565-7572,9531 Hermina Junction
William Boyd,Photobug,Critical Illness,250-05-5297,351-(563)411-7333,06812 Bartillon Hill
Samuel Price,Avavee,Oxygen Therapy,668-56-1457,46-(998)344-5512,9 Charing Cross Pass
Ruth Stewart,Realmix,Charitable Giving,339-34-0110,502-(471)112-0650,939 Grayhawk Street
Tammy Gilbert,Dablist,Avid,877-14-3718,86-(983)115-8978,6 Becker Trail
Irene Nelson,Midel,Ideas NX,447-00-3594,30-(443)128-2907,1314 Toban Point
Samuel James,Skiptube,Web Analytics,233-47-0128,58-(383)245-8203,491 Corben Street
Cynthia Henderson,Quire,Culinary Skills,854-08-0007,7-(518)145-0829,6813 Holmberg Lane
Harold Warren,Leexo,NBAR,272-90-4376,62-(523)697-3698,30320 Hansons Plaza
Diana Foster,Mycat,Oracle BPEL,192-82-8645,358-(834)992-1800,5 Marcy Street
Harold Kelly,Quire,HP,282-15-9197,55-(225)222-9285,1 Schiller Hill
Janet Wagner,Bubblebox,Tcpdump,886-11-9941,7-(955)144-0348,917 Becker Center
Shirley Hawkins,Flipbug,DVD Authoring,294-40-1767,51-(798)655-7007,407 Bashford Alley
Jack Jacobs,Skivee,HVDC,473-61-0040,58-(146)922-6154,88 Grayhawk Circle
Arthur Gardner,Gigaclub,Control Systems Design,618-13-7014,351-(422)745-0770,6006 Corscot Lane
Gerald Sims,Kwideo,Glamour,330-95-2355,86-(154)772-2656,118 Melby Junction
Raymond Dunn,Demimbu,KCS,218-73-1383,57-(824)856-2803,7229 Mockingbird Circle
Janet Walker,Mita,LTO,454-85-8103,351-(250)721-2400,63 Forest Run Parkway
Lawrence Wood,Tazzy,JDeveloper,402-16-5508,86-(313)941-4829,4 Karstens Circle
Katherine Wright,Jabbercube,RS422,595-05-9035,86-(578)339-3963,2940 Texas Road
Margaret Walker,Babbleopia,Window Displays,893-19-8400,251-(356)240-4720,1 Brickson Park Trail
Elizabeth Roberts,Flashdog,Personal Injury,188-44-6826,86-(644)477-2458,22 Luster Alley
Jennifer Garcia,Eazzy,Power Plants,134-62-8927,86-(634)262-6290,40546 Spenser Trail
Sara Lynch,Skajo,Xetra,114-12-0747,62-(240)394-5117,404 Blackbird Avenue
Carol Coleman,Pixonyx,GIS systems,757-65-4363,30-(864)538-6198,50743 Graceland Pass
Janet Patterson,Vidoo,Estate Administration,859-31-7858,58-(174)572-1673,292 Gina Terrace
Stephanie Dean,Twitterworks,NVR,992-82-2309,351-(820)409-1254,039 Browning Crossing
Samuel Ortiz,Rhybox,RTU,915-03-2147,86-(215)566-3095,4813 Park Meadow Drive
Nancy Morales,Abata,Easytrieve,974-49-5577,51-(285)539-8628,1 Glacier Hill Point
Lawrence Richardson,Tavu,CCNA,559-08-3624,251-(839)167-4999,5 Schlimgen Plaza
Nicole Sullivan,Gevee,Injection Molding,491-60-2350,504-(962)382-0125,96 Declaration Center
Jeremy Wright,Fivebridge,DTH,141-50-3946,55-(353)228-0745,2134 Farmco Center
Paula Tucker,Dablist,PPO,781-38-7294,55-(647)713-6788,2975 American Way
Andrew Perez,Photobean,QI,539-35-6806,86-(657)370-8597,5 Hintze Terrace
Diana Long,Leenti,ELISA,776-30-7174,93-(226)952-4932,80 Prairie Rose Pass
Amy Ford,Twinder,IBM Rational Rhapsody,598-81-6234,62-(148)736-4752,2525 South Hill
Lillian Henry,JumpXS,Vegetables,419-01-4763,55-(554)606-1384,14 Jenifer Crossing
James Lewis,Yoveo,Slovak,353-73-6984,249-(656)649-6391,4 4th Hill
Debra Lynch,Fliptune,WinForms,741-57-7465,63-(851)110-1389,5 Walton Road
Timothy Williams,Edgewire,xCAT,695-44-7340,261-(652)500-8053,01 Bayside Court
Scott Daniels,Thoughtbeat,Oligonucleotides,492-34-9098,51-(873)709-6133,5167 Melody Trail
Jessica Lee,Voonix,eGaming,897-65-0502,351-(970)803-8217,570 Leroy Street
Debra Garrett,Youspan,Technical Documentation,187-18-5488,86-(554)574-4360,37558 Daystar Hill
Samuel Medina,Skipstorm,Nanofabrication,905-38-4267,383-(346)136-0722,878 North Drive
George Hunter,Babbleblab,LCSH,139-98-7696,62-(779)806-8050,1111 Waubesa Plaza
Brian Rogers,Leenti,IBM Rational Rhapsody,842-42-1725,86-(655)338-0721,50 Portage Road
Martin Myers,Voonyx,Operating Room,956-77-8648,81-(652)227-2637,2 Aberg Park
Rebecca Wright,Thoughtbeat,Data Structures,346-63-2858,353-(130)932-5655,4 Karstens Court
Lois Boyd,Browsebug,Nursing Process,446-11-5590,63-(633)191-6932,29461 Manufacturers Drive
Judy Ryan,Jabbertype,XMLHTTP,577-29-9786,62-(956)852-8725,325 Anderson Avenue
Gloria Roberts,Riffpedia,RLC,496-28-0170,86-(917)842-1517,5 Emmet Way
Craig Crawford,Quinu,GMDSS,479-06-0358,48-(610)347-6365,7978 Sachtjen Avenue
Tammy Austin,Twitterlist,PMO,868-49-1277,62-(252)710-2847,91 Trailsway Pass
Jose Turner,Tambee,Win CVS,945-77-2024,55-(598)564-1300,5851 Fremont Point
Amy Davis,Aivee,Sales Process,181-87-4029,63-(907)993-0204,4251 Colorado Junction
Daniel Mason,Wikibox,VDA,306-63-2373,86-(226)322-3203,247 Westerfield Point
Kenneth Garcia,Vitz,Market Risk,956-06-2838,976-(672)282-5961,4453 Kim Park
Jacqueline Williamson,Twinder,PFlow,378-05-7814,86-(607)748-2181,20 Knutson Drive
James Walker,Kwilith,Avaya Technologies,900-00-5819,963-(970)638-2886,31278 Monument Court
Lori Lewis,Zoomzone,Aerial Photography,937-13-3763,48-(114)115-4509,047 Farmco Alley
Mark Duncan,Oyope,Juniper JNCIA,712-26-5065,234-(810)975-6502,54 Atwood Trail
Anne Cole,Chatterbridge,IP Cameras,738-00-4568,33-(725)491-6110,700 Banding Court
Bobby Burton,Skyndu,Key Account Relationship Building,576-32-3554,7-(596)599-8705,763 Sauthoff Junction
Thomas Stone,Divape,Small Business Development,755-11-8160,386-(449)238-0759,05 Hoffman Center
Ruby Bowman,Teklist,BDD,288-20-8923,232-(178)243-7630,1 Autumn Leaf Junction
Andrew Walker,Wordpedia,JGroups,554-87-0590,62-(546)282-0157,28 Meadow Vale Circle
Wanda Moore,Digitube,EEPROM,228-13-4306,381-(743)897-6311,88 Lakeland Court
Earl Burns,Zoovu,Xcalibur,371-06-8353,86-(138)115-4576,625 Upham Way
Marilyn Day,Realcube,Foreign Trade Zone,190-80-6710,52-(566)981-9496,13561 Bowman Junction
Shirley Cooper,Jaloo,Ghost Imaging,501-35-4165,86-(252)759-0545,619 Hallows Parkway
Mark Price,Topicstorm,MHRA,392-56-1255,86-(526)132-7637,13897 Northview Drive
Jane Myers,Riffpedia,IVUS,242-89-7272,63-(401)222-1627,82106 Roth Center
Justin Boyd,Yata,Human Rights,542-22-0226,855-(908)778-7823,6716 Portage Street
Sarah Bailey,Mudo,Writing,650-72-2144,57-(540)985-7286,81 Sunfield Place
Marilyn Mason,Flashspan,Fly Tying,990-95-5977,996-(687)587-5073,18 Starling Crossing
Sean Lawrence,Zoozzy,Upstream,483-92-9808,968-(565)462-4563,829 Crest Line Trail
Thomas Jones,Youfeed,Identity Theft,516-05-5769,358-(440)701-8973,7 Mitchell Circle
Daniel Medina,Yamia,IEEE 802.3,954-28-1487,1-(921)533-6433,53 Hazelcrest Alley
Kenneth Holmes,Bubblebox,IBM Rational Tools,265-20-0626,86-(869)821-8305,498 Milwaukee Street
Albert Boyd,Eare,Pinterest,570-18-3323,376-(901)637-9877,4 Union Center
Ronald Price,Pixope,VSEO,453-25-9581,86-(188)307-8727,9 Coleman Trail
Peter Ramirez,Youtags,EEPROM,492-44-7108,7-(499)156-1631,65287 Pearson Point
Brenda Reyes,Divape,PTH,234-26-6777,86-(649)314-3876,5867 Paget Drive
Sandra Montgomery,Kwimbee,WF,844-32-8904,86-(711)992-7712,876 Rutledge Way
Kelly Mccoy,Topicstorm,Knowledge Representation,913-06-1685,33-(721)570-4561,2458 Kings Point
Ronald Moreno,Eabox,SWOT analysis,447-01-7134,256-(534)882-6764,09 Fairfield Trail
Ronald Harvey,Dynazzy,Ocean,829-90-0237,53-(575)885-7591,44679 Larry Road
Beverly Harvey,Mita,DTS,241-50-6391,62-(620)131-0156,1137 Vera Point
Beverly Griffin,Browsecat,Citrix XenDesktop,996-61-6814,420-(528)124-3436,047 Sunbrook Road
Jessica Jones,Rhycero,GxP,815-45-2448,62-(962)235-5613,072 East Avenue
Jimmy Elliott,Cogilith,OAB,452-75-4452,54-(383)512-3740,083 Vera Avenue
Douglas Hudson,Jabbersphere,MDT,677-12-2393,880-(177)419-6408,3 Nobel Terrace
Nancy Mason,Yabox,MX960,721-13-6437,62-(631)217-5855,7565 Haas Circle
Anthony Reynolds,Rooxo,FX Animation,288-09-8127,86-(231)565-1382,9078 Ilene Park
Nancy Kelly,Thoughtbridge,Pivot Tables,271-86-0526,7-(853)916-2282,58813 Morrow Center
Paula Stone,Skinder,Prenuptial Agreements,632-01-7158,48-(887)158-3683,10984 Mayer Road
Samuel Russell,Kazio,FBD,836-95-9663,1-(983)702-9365,87115 Lindbergh Hill
Clarence Nguyen,Jaxworks,Gardening,383-20-5168,33-(723)653-0924,81 Crest Line Crossing
Albert Morrison,BlogXS,Branch Banking,487-24-1586,976-(741)597-1551,84 Hallows Plaza
Ernest Lawrence,Dabshots,Telecommunications,470-11-0522,84-(740)160-7080,298 Mockingbird Center
Rebecca Alvarez,Demimbu,MCMS,877-25-5897,46-(345)847-5930,12 Schlimgen Crossing
Bobby Richards,Einti,Play Therapy,110-45-3119,598-(808)258-8967,21068 Lyons Alley
Sandra Robertson,Blogspan,Juggling,681-39-6813,593-(240)955-8677,755 Old Shore Drive
Michael Cooper,Photolist,CTF,132-19-3939,86-(438)821-4403,4 Fairview Road
Carlos Gardner,Quaxo,VCM,825-81-4504,93-(184)224-0655,88868 Shasta Circle
Frank Rice,Brainverse,Maritime Operations,433-10-8167,57-(911)954-4335,366 Karstens Circle
Angela Rogers,Kaymbo,SAP Business ByDesign,263-73-8654,86-(759)713-4528,860 Oxford Point
Jesse Butler,Wikivu,TTL,662-25-4407,86-(201)571-8128,1 Westport Place
Roger Rodriguez,Quaxo,CBM,221-44-7318,33-(210)133-8418,0950 Sutteridge Pass
Kathryn Hughes,Dabvine,American History,333-91-1818,1-(350)289-1357,6 Macpherson Road
Cheryl Snyder,Roombo,PVST+,744-05-7255,52-(144)139-0530,6 Susan Center
Randy Reyes,Twiyo,WordPerfect,708-99-1301,380-(154)330-5304,3 Sachs Plaza
Earl Gilbert,Brainbox,PCR,979-23-7373,48-(295)362-3258,98 East Court
Laura Carr,Edgeblab,Gnome,257-35-2998,63-(315)346-7553,55102 Gulseth Avenue
Joan Kim,Kamba,GMF,689-27-2046,351-(221)578-2982,2608 Scoville Alley
Justin Allen,Brainverse,Statistics,311-69-6400,60-(348)770-6143,870 Village Green Junction
James Gomez,Twitterlist,Routers,304-36-4735,98-(478)860-8638,359 Commercial Place
Evelyn Murphy,Skimia,CTQ,245-35-7294,86-(868)466-7376,07 Warner Hill
Gerald Gordon,Topicstorm,TNS Media Intelligence,902-63-7174,98-(621)573-8297,6845 Arizona Terrace
Joseph Mendoza,Skynoodle,FWSM,980-03-9267,92-(546)515-0682,8690 Esch Court
Raymond Jones,Blogtag,Gift Cards,968-74-8535,7-(640)471-0096,744 Scoville Circle
Lori Garza,Npath,Security Awareness,870-88-2598,7-(845)321-5634,6 Macpherson Point
Harold Hughes,Browsebug,Raw Materials,116-54-7762,973-(226)698-6376,493 Petterle Place
Nicole Marshall,Tagfeed,Professional Liability,316-07-4169,62-(490)631-6585,259 Maple Wood Parkway
Tammy Reyes,Buzzster,XenClient,937-00-9411,504-(381)706-7562,89787 Lien Hill
Bonnie Scott,Trilith,Group Policy,829-46-3560,62-(861)674-3021,8737 Warrior Drive
Ryan Larson,Vipe,Abstracting,861-98-6380,66-(334)298-0330,1 American Ash Circle
Angela Ryan,Divape,Hydraulic Systems,615-24-8027,51-(631)943-3261,605 Westend Circle
Norma Williams,Kwimbee,WCS,879-64-7091,1-(175)356-1628,36702 Ryan Plaza
Anthony Jordan,Kamba,KVM Switches,783-87-0343,62-(998)937-0538,63877 Clarendon Terrace
Charles Mendoza,Fatz,Multilingual,513-98-5288,86-(164)885-0415,347 Esch Junction
Adam Barnes,Edgewire,BPWin,646-91-4139,60-(198)268-7884,65163 Summerview Junction
Jerry Ross,Gabspot,FNMA,820-37-7791,86-(956)135-5763,51211 Lunder Junction
Jason Thomas,Topicstorm,Jazz Dance,854-10-3871,7-(335)134-7503,10 Express Parkway
Tammy Jones,Babblestorm,EKG,324-31-2882,351-(797)373-2710,445 Prentice Hill
Diana Torres,Eidel,HtmlUnit,856-23-6667,86-(288)902-0534,6985 Messerschmidt Way
Lois Perkins,Tavu,Oracle HR,526-54-0356,7-(236)512-0243,3 Stone Corner Road
Paul Stewart,Devify,Koha,516-39-1505,86-(521)385-4694,288 Monica Alley
Cynthia Riley,Vimbo,Wellness,213-05-3069,1-(419)710-8317,2 Sunbrook Road
Bobby Gardner,Wikivu,Utility Locating,460-82-0765,86-(267)565-6975,3 Lighthouse Bay Lane
Andrew Hicks,Oba,NFPA 101,291-69-2183,62-(800)465-7452,3 Mcguire Park
Albert Wright,Topicware,IELTS,244-66-1658,389-(826)306-5402,339 Pine View Hill
Catherine Robertson,Fliptune,Bank Reconciliation,957-93-4707,374-(844)121-0732,2450 1st Junction
Amanda Flores,Yakijo,FTTx,487-74-5326,261-(119)585-7888,53 Kinsman Trail
Walter Burns,Feedmix,Wide Format Printing,845-16-6180,86-(664)774-2740,074 Atwood Way
John Davis,Edgewire,Alcohol Awareness,122-86-1752,54-(860)794-7237,73234 8th Pass
Sean Burke,Jabbertype,Architectural Illustration,719-24-4092,242-(851)599-6664,9 Nevada Street
Rebecca Hicks,Babbleset,SFR,883-76-6042,351-(415)543-4422,9 Prairieview Drive
Linda Bradley,Agimba,MCDBA,497-05-0723,351-(708)485-4569,96466 Anthes Plaza
Lawrence Robertson,Twitterbridge,Lustre,299-08-9524,235-(449)643-0006,440 Corry Lane
Walter Torres,JumpXS,GNU Radio,277-75-2568,380-(118)221-2889,2012 Gateway Pass
Dorothy Gutierrez,Linktype,MVPN,812-16-8545,62-(195)719-1725,45569 Summerview Center
Eric Wheeler,Centimia,Kohana Framework,804-20-4864,62-(321)552-4441,94 Rutledge Court
Johnny Richards,Eimbee,Financial Statements,437-05-6921,86-(252)910-7538,50817 Hagan Place
Susan Webb,Skipfire,SolidWorks,882-27-3475,212-(733)934-6904,484 Fulton Terrace
Kathleen Rice,Feedmix,Appeals,486-33-5289,63-(405)189-7572,632 1st Alley
Lois Carpenter,Dynabox,Quality Management,825-04-2663,86-(889)863-2925,2 International Alley
Kimberly Russell,Blogtag,LR,519-30-3379,249-(818)581-1128,3 Thierer Center
Roy Parker,Browsetype,OLA,915-52-4862,974-(914)193-2840,0608 Dryden Center
Jean Robinson,Jabbertype,IxLoad,808-86-1925,46-(576)976-3246,3084 Hagan Crossing
Carlos Hunter,Jaxworks,Black Box Testing,440-36-2872,62-(926)892-5408,663 Kingsford Drive
Steven Freeman,Demivee,KOL Management,528-34-2106,1-(410)399-3016,79 Caliangt Road
Randy Dean,Centimia,MDaemon,831-44-9179,46-(908)373-9109,94 Lakewood Gardens Parkway
Randy Kelly,Cogidoo,SOA BPEL,956-01-1130,62-(230)667-6718,63 Lakeland Drive
Diane Hunt,Eare,UIX,751-28-5307,51-(853)796-3030,7686 Sundown Avenue
Billy Bennett,Mybuzz,Rheumatoid Arthritis,178-58-1749,1-(440)833-3614,22887 Badeau Pass
Ashley Nichols,Latz,YouTube,236-26-3647,55-(837)218-8554,7705 Atwood Trail
Stephen Shaw,Oyoba,Xing,606-66-4398,62-(791)533-0844,872 Armistice Alley
Pamela Spencer,Flipopia,Apache,338-23-2206,48-(570)726-3953,255 Glendale Way
Anthony Fields,Twinte,SNAP,894-62-0191,58-(434)344-0808,277 New Castle Junction
Judy Cunningham,Jaxnation,JBoss ESB,218-68-6164,265-(291)507-7389,5 Independence Junction
Pamela Grant,Buzzster,Axis2,934-08-3664,54-(240)989-4516,7 Sycamore Lane
Anthony Bryant,Trudoo,Lyrical,640-54-9632,33-(277)772-4156,9 Summerview Circle
Ronald Perez,Leenti,HL7,961-08-6646,86-(642)347-9272,199 Melody Drive
Amy Thomas,Trudoo,RMS,927-81-8553,250-(178)958-1625,742 Steensland Center
Craig Bradley,Gevee,HP Openview,278-89-8511,66-(710)189-1604,50 Algoma Alley
Roger Sims,Roombo,Karate,167-27-0610,7-(348)666-8607,50505 6th Terrace
Donald Larson,Oloo,Ticket Sales,471-50-9001,48-(585)893-3674,3 Spohn Terrace
Patrick Myers,Youspan,Sellers,780-88-9921,46-(729)890-0573,92299 Mayer Junction
Stephen Morales,Trudeo,Medical Imaging,168-02-6472,7-(566)812-2222,7934 Anhalt Way
Brandon Gray,Feednation,Petroleum Geology,492-86-0543,46-(828)782-0743,1182 Susan Trail
Brenda Lewis,Bluejam,Surveillance,399-56-3827,45-(646)860-9839,39 Mcguire Park
Christine Elliott,Wordify,ERISA,611-83-0273,58-(166)146-8609,86246 Union Circle
Amy Price,Yozio,QAC,898-86-4048,420-(567)866-6692,3 Cambridge Park
Catherine Martinez,Voolith,UK Tax,659-72-7344,7-(473)185-9307,44 Kingsford Trail
Christopher Cook,Twiyo,WMS Implementations,172-89-4634,86-(338)946-8381,9938 Reinke Plaza
Andrea Rice,Jaxbean,Slide Preparation,596-45-9758,31-(870)672-5796,943 Blaine Trail
Jeffrey Grant,Youopia,Not for Profit,328-73-0304,86-(391)580-7121,2 Bobwhite Drive
Carl Fowler,Photojam,Workplace Violence,514-22-2477,62-(247)615-3884,5 Randy Pass
Gerald Dixon,Edgeify,DFR,104-76-8593,504-(358)992-3972,724 Haas Junction
Alan Daniels,Divape,IABP,828-85-0312,371-(474)779-2042,234 Becker Crossing
Joyce Flores,Voolith,Leave of Absence,664-96-6653,62-(692)718-1826,77 Talisman Park
Michael Williamson,Dabshots,IATA,587-30-5857,86-(970)300-8491,9 Carey Avenue
Martha Gray,Innotype,BSF,992-22-5179,86-(402)172-6805,57548 Huxley Terrace
Howard Hill,Voolith,Sports,314-21-1065,375-(696)218-3475,97 Southridge Street
William Griffin,Rooxo,Mycobacteriology,926-08-8476,66-(648)917-2023,9450 Birchwood Parkway
Doris Thompson,Skipfire,CTFL,480-45-8158,242-(402)717-1326,53666 Little Fleur Point
Kevin Romero,Trudeo,Financial Advisory,718-53-4296,86-(292)943-2603,79817 Bashford Trail
Shawn Morris,Livepath,HP Blade,988-45-4201,33-(353)693-3329,9645 Dexter Parkway
Robin Russell,Skipfire,EAI,174-83-7716,82-(643)685-0927,575 Cottonwood Place
Ruth Woods,Oodoo,DCS,784-08-3991,62-(706)162-3034,155 Burning Wood Park
Julie Jackson,Jaxspan,Transportation,257-39-5402,84-(490)170-5068,7734 Ridgeview Street
Nicole George,Kaymbo,GSM,766-67-4410,46-(682)764-1113,0851 Forest Dale Court
Jeffrey Holmes,Latz,Brand Equity,632-45-4412,86-(821)896-3075,6771 Briar Crest Lane
Richard Morgan,Flipstorm,Cerner CCL,363-16-2221,86-(520)634-6948,2358 Northwestern Drive
Andrea Carpenter,Wikivu,PDP,567-78-9811,7-(816)769-8078,3 Bonner Plaza
Joseph Lynch,Podcat,Customer Acquisition,294-38-9692,7-(973)844-6781,8 Towne Drive
Norma Rogers,Vipe,TMS320,654-07-4444,1-(352)963-9402,60 Lotheville Drive
Susan Ferguson,Skyndu,Video Production,885-27-8447,30-(389)601-1231,1308 Esch Parkway
Bonnie Walker,Jaxbean,Blender,231-02-0281,55-(752)144-0235,21458 Hoepker Park
Tammy Frazier,Shufflester,Brand Management,247-45-6249,7-(274)683-8156,2841 Main Junction
Steve Warren,Ailane,Csh,333-82-0292,63-(424)973-9445,6909 Washington Terrace
Juan Morris,Yozio,ATP,109-08-5801,86-(367)909-1868,48 Eagan Point
